 카드사용내역서(02/23∼03/01),,,,,,,,,,,,,,,,,,,,,,,,,,,,,,,,,,,
,,,,,,,,,,,,,,,,,,,,,,,,,,,,,,,,,,,
 카드번호 , 5585-2694-4961-**** ,, 개인용도 , - ,," 759,270 ", 비 고 ,,,,,,,,,,,,,,,,,,,,,,,,,,,,
 사  용 자 , 배 명 수(본촌배수지) ,, 공적용도 ," 759,270 ",,,,,,,,,,,,,,,,,,,,,,,,,,,,,,,
,,,,,,,,,,,,,,,,,,,,,,,,,,,,,,,,,,,
*사용내역*,,,,,,,,,,복리후생비,,,,,,잡자재,안전관리비,차량수리비,유류대,,,여비교통비,,통신비,,사무비,,,,,현장전도금,,예비비, 합   계 ,
 날    짜 , 현장명 , 항    목 , 세부사용내역 , 카   드 , 현   금 , 합계금액 , 비 고 , 확 인 ,,직원식대,간식외,회식대,침구구입비,숙소월대,소모품비,공구외,용품외,엔진오일외,소장,직원,발전기외,출장비,하이패스,등기비,"택배,수화물",사무용품비,책상의자,"토너,잉크",복사제본,복사용지,현장전도금,판공비," 민원,보상 ",,
2024-07-05, 본촌배수지 , 복리후생비 , a3산타케이스외 ," 58,600 ",," 58,600 ",,,,,,,,,,,,,,,,,,,,,,,,,,,, - ,"-58,600 "
2024-07-05, 본촌배수지 , 복리후생비 , 중식(직원1) ," 22,000 ",," 22,000 ",,,,,,,,,,,,,,,,,,,,,,,,,,,, - ,"-22,000 "
2024-07-05, 본촌배수지 , 복리후생비 , 석식 ," 9,800 ",," 9,800 ",,,,,,,,,,,,,,,,,,,,,,,,,,,, - ,"-9,800 "
2024-07-06, 본촌배수지 , 복리후생비 , 조식 ," 10,000 ",," 10,000 ",,,,,,,,,,,,,,,,,,,,,,,,,,,, - ,"-10,000 "
2024-07-06, 본촌배수지 , 복리후생비 , 배명수차량(군산) ," 80,000 ",," 80,000 ",,,,,,,,,,,,,,,,,,,,,,,,,,,, - ,"-80,000 "
2024-07-06, 본촌배수지 , 복리후생비 , 중식(군산직원1) ," 20,000 ",," 20,000 ",,,,,,,,,,,,,,,,,,,,,,,,,,,, - ,"-20,000 "
2024-07-06, 본촌배수지 , 복리후생비 , 석식(군산직원1) ," 20,900 ",," 20,900 ",,,,,,,,,,,,,,,,,,,,,,,,,,,, - ,
2024-07-08, 본촌배수지 , 복리후생비 ," 중식(감리단,직원8명) "," 166,000 ",," 166,000 ",,,,,,,,,,,,,,,,,,,,,,,,,,,, - ,"-166,000 "
2024-07-08, 본촌배수지 , 복리후생비 , 석식 ," 14,100 ",," 14,100 ",,,,,,,,,,,,,,,,,,,,,,,,,,,, - ,
2024-07-09, 본촌배수지 , 복리후생비 , 조식 ," 6,950 ",," 6,950 ",,,,,,,,,,,,,,,,,,,,,,,,,,,, - ,
2024-07-09, 본촌배수지 , 복리후생비 , 조식 ," 10,000 ",," 10,000 ",,,,,,,,,,,,,,,,,,,,,,,,,,,, - ,
2024-07-09, 본촌배수지 , 복리후생비 , 중식(직원1) ," 21,000 ",," 21,000 ",,,,,,,,,,,,," 21,000 ",,,,,,,,,,,,,,," 21,000 ",
2024-07-09, 본촌배수지 , 유류대 , 이윤선차량 ," 126,000 ",," 126,000 ",,,,,,,,,,,,,,," 126,000 ",,,,,,,,,,,,," 126,000 ",
2024-07-09, 본촌배수지 , 복리후생비 , 석식 ," 10,150 ",," 10,150 ",,,,,,,,,,,,,,,,,,,,,,,,,,,,,
2024-07-10, 본촌배수지 , 복리후생비 , 조식직원3) ," 23,700 ",," 23,700 ",,,,,,,,,,,,,,,,,,,,,,,,,,,,,
2024-07-10, 본촌배수지 , 유류대 , 배명수차량 ," 90,000 ",," 90,000 ",,,,,,,,,,,,,,,,,,,,,,,,,,,,,
2024-07-10, 본촌배수지 , 복리후생비 ," 중식(감리단,직원6) "," 85,000 ",," 85,000 ",,,,,,,,,,,,,,,,,,,,,,,,,,,,,
2024-07-10, 본촌배수지 , 복리후생비 , 석식 ," 12,100 ",," 12,100 ",,,,,,,,,,,,,,,,,,,,,,,,,,,,,
2024-07-11, 본촌배수지 , 복리후생비 , 중식(직원4) ," 42,000 ",," 42,000 ",,,,,,,,,,,,,,,,,,,,,,,,,,,,,
2024-07-12, 본촌배수지 , 복리후생비 , 음료 ," 13,700 ",," 13,700 ",,,,,,,,,,,,,,,,,,,,,,,,,,,,,
2024-07-12, 본촌배수지 , 유류대 , 성현민차량 ," 114,000 ",," 114,000 ",,,,,,,,,,,,,,,,,,,,,,,,,,,,,
2024-07-12, 본촌배수지 , 복리후생비 , 석식 ," 15,800 ",," 15,800 ",,,,,,,,,,,,,,,,,,,,,,,,,,,,,
2024-07-13, 본촌배수지 , 복리후생비 , 중식(직원2) ," 20,000 ",," 20,000 ",,,,,,,,,,,,,,,,,,,,,,,,,,,,,
2024-07-15, 본촌배수지 , 복리후생비 , 조식(직원3) ," 21,600 ",," 21,600 ",,,,,,,,,,,,,,,,,,,,,,,,,,,,,
2024-07-15, 본촌배수지 , 복리후생비 , 중식(직원4) ," 40,000 ",," 40,000 ",,,,,,,,,,,,,,,,,,,,,,,,,,,,,
2024-07-15, 본촌배수지 , 복리후생비 ," 석식(감리단,직원7) "," 103,000 ",," 103,000 ",,,,,,,,,,,,,,,,,,,,,,,,,,,,,
2024-07-15, 본촌배수지 , 복리후생비 ," 석식(감리단,직원7) "," 105,000 ",," 105,000 ",,,,,,,,,,,,,,,,,,,,,,,,,,,,,
2024-07-15, 본촌배수지 , 복리후생비 ," 석식(감리단,직원7) "," 65,000 ",," 65,000 ",,,,,,,,,,,,,,,,,,,,,,,,,,,,,
2024-07-15, 본촌배수지 , 복리후생비 ," 석식(감리단,직원7) "," 16,000 ",," 16,000 ",,,," 16,000 ",,,,,,,,,,,,,,,,,,,,,,,," 16,000 ",
2024-07-29, 본촌배수지 , 복리후생비 , 음료 ," 8,000 ",," 8,000 ",,,,,,,,,,,,,,,,,,,,,,,,,,,,,
2024-08-01, 본촌배수지 , 유류대 , 정상훈기름 ," 49,056 ",," 49,056 ",,,,,,,,,,,,,,,,,,,,,,,,,,,,,
2024-08-02, 본촌배수지 , 복리후생비 , 안전망(이사) ," 37,400 ",," 37,400 ",,,,,,,,,,,,,,,,,,,,,,,,,,,,,
2024-08-02, 본촌배수지 , 복리후생비 , 음료등(이사) ," 22,050 ",," 22,050 ",,,,,,,,,,,,,,,,,,,,,,,,,,,,,
2024-08-05, 본촌배수지 , 복리후생비 ," 모니터(정상훈),하드등 "," 370,000 ",," 370,000 ",,,,,,,,,,,,,,,,,,,,,,,,,,,,,
2024-08-05, 본촌배수지 , 복리후생비 ," 햇반,라면등 "," 70,800 ",," 70,800 ",,,,,,,,,,,,,,,,,,,,,,,,,,,,,
2024-08-06, 본촌배수지 , 복리후생비 , 1층품질실험실에어컨수리 ," 183,700 ",," 183,700 ",,,,,,,,,,,,,,,,,,,,,,,,,,,,,
2024-08-06, 본촌배수지 , 복리후생비 ," 중식(발주처,감리단등11명) "," 130,000 ",," 130,000 ",,,,,,,,,,,,,,,,,,,,,,,,,,,,,
2024-08-06, 본촌배수지 , 복리후생비 ," 파티션,안전각등 "," 231,000 ",," 231,000 ",,,,,,,,,,,,,,,,,,,,,,,,,,,,,
2024-08-06, 본촌배수지 , 복리후생비 , 소장단회의 음료 ," 20,800 ",," 20,800 ",,,,,,,,,,,,,,,,,,,,,,,,,,,,,
2024-08-07, 본촌배수지 , 복리후생비 , 조식 ," 20,500 ",," 20,500 ",,,,,,,,,,,,,,,,,,,,,,,,,,,,,
2024-08-07, 본촌배수지 , 복리후생비 ," 락카,장갑등(시공측량) "," 110,000 ",," 110,000 ",,,,,,,,,,,,,,,,,,,,,,,,,,,,,
2024-08-07, 본촌배수지 , 복리후생비 , 중식(직원3명) ," 26,000 ",," 26,000 ",,,,,,,,,,,,,,,,,,,,,,,,,,,,,
2024-08-07, 본촌배수지 , 복리후생비 , 석식(감리단등6명) ," 145,000 ",," 145,000 ",,,,,,,,,,,,,,,,,,,,,,,,,,,,,
2024-08-08, 본촌배수지 , 복리후생비 , 신호봉 ," 6,500 ",," 6,500 ",,,,,,,,,,,,,,,,,,,,,,,,,,,,,
2024-08-08, 본촌배수지 , 복리후생비 , 중식(감리단등7명) ," 110,000 ",," 110,000 ",,,,,,,,,,,,,,,,,,,,,,,,,,,,,
2024-08-09, 본촌배수지 , 유류대 , 성현민 차량 ," 105,000 ",," 105,000 ",,,,,,,,,,,,,,,,,,,,,,,,,,,,,
2024-08-10, 본촌배수지 , 복리후생비 ," 커피,락스등 "," 56,530 ",," 56,530 ",,,,,,,,,,,,,,,,,,,,,,,,,,,,,
2024-08-12, 본촌배수지 , 복리후생비 , 조식 ," 16,100 ",," 16,100 ",,,,,,,,,,,,,,,,,,,,,,,,,,,,,
2024-08-12, 본촌배수지 , 복리후생비 , 중식(직원3명) ," 19,500 ",," 19,500 ",,,,,,,,,,,,,,,,,,,,,,,,,,,,,
2024-08-12, 본촌배수지 , 복리후생비 ," 파일,건전지,케이블등 "," 88,900 ",," 88,900 ",,,,,,,,,,,,,,,,,,,,,,,,,,,,,
2024-08-12, 본촌배수지 , 복리후생비 , 이윤선차량 ," 108,000 ",," 108,000 ",,,,,,,,,,,,,,,,,,,,,,,,,,,,,
2024-08-12, 본촌배수지 , 복리후생비 , 석식(직원3명) ," 86,000 ",," 86,000 ",,,,,,,,,,,,,,,,,,,,,,,,,,,,,
2024-08-13, 본촌배수지 , 복리후생비 , 중식(직원4명) ," 36,000 ",," 36,000 ",,,,,,,,,,,,,,,,,,,,,,,,,,,,,
2024-08-14, 본촌배수지 , 복리후생비 , 조식 ," 20,500 ",," 20,500 ",,,,,,,,,,,,,,,,,,,,,,,,,,,,,
2024-08-14, 본촌배수지 , 복리후생비 ," 중식(감리단,직원등8명) "," 116,000 ",," 116,000 ",,,,,,,,,,,,,,,,,,,,,,,,,,,,,
2024-08-14, 본촌배수지 , 복리후생비 , 홍진도장 ," 22,000 ",," 22,000 ",,,,,,,,,,,,,,,,,,,,,,,,,,,,,
2024-08-15, 본촌배수지 , 복리후생비 ," 라면,햇반음료등 "," 49,370 ",," 49,370 ",,,,,,,,,,,,,,,,,,,,,,,,,,,,,
2024-08-16, 본촌배수지 , 복리후생비 ," 중식(직원,인부등10명) "," 77,000 ",," 77,000 ",,,,,,,,,,,,,,,,,,,,,,,,,,,,,
2024-08-16, 본촌배수지 , 유류대 , 성현민차량 ," 111,000 ",," 111,000 ",,,,,,,,,,,,,,,,,,,,,,,,,,,,,
2024-08-16, 본촌배수지 , 복리후생비 , 석식(직원2명) ," 26,000 ",," 26,000 ",,,,,,,,,,,,,,,,,,,,,,,,,,,,,
2024-08-17, 본촌배수지 , 복리후생비 , 조식 ," 15,750 ",," 15,750 ",,,,,,,,,,,,,,,,,,,,,,,,,,,,,
2024-08-17, 본촌배수지 , 복리후생비 , 중식(직원2명) ," 20,000 ",," 20,000 ",,,,,,,,,,,,,,,,,,,,,,,,,,,,,
2024-08-17, 본촌배수지 , 차량수리비 , 배명수차량(오일) ," 80,000 ",," 80,000 ",,,,,,,,,,,,,,,,,,,,,,,,,,,,,
2024-08-19, 본촌배수지 , 복리후생비 , 조식 ," 14,500 ",," 14,500 ",,,,,,,,,,,,,,,,,,,,,,,,,,,,,
2024-08-19, 본촌배수지 , 복리후생비 , 중식(직원3명) ," 19,800 ",," 19,800 ",,,,,,,,,,,,,,,,,,,,,,,,,,,,,
2024-08-19, 본촌배수지 , 복리후생비 , 도장(구일) ," 20,000 ",," 20,000 ",,,,,,,,,,,,,,,,,,,,,,,,,,,,,
2024-08-19, 본촌배수지 , 복리후생비 , 도장(디케이) ," 20,000 ",," 20,000 ",,,,,,,,,,,,,,,,,,,,,,,,,,,,,
2024-08-19, 본촌배수지 , 복리후생비 , 비산먼지 등록세 , 900 ,, 900 ,,,,,,,,,,,,,,,,,,,,,,,,,,,,,
2024-08-19, 본촌배수지 , 복리후생비 , 특정공사 등록세 , 900 ,, 900 ,,,,,,,,,,,,,,,,,,,,,,,,,,,,,
2024-08-19, 본촌배수지 , 복리후생비 , 쓰레기봉투(관급)등 ," 26,840 ",," 26,840 ",,,,,,,,,,,,,,,,,,,,,,,,,,,,,
2024-08-20, 본촌배수지 , 복리후생비 , 등기부등본(배수지) ," 1,000 ",," 1,000 ",,,,,,,,,,,,,,,,,,,,,,,,,,,,,
2024-08-20, 본촌배수지 , 복리후생비 , 등기부등본(배수지) ," 1,000 ",," 1,000 ",,,,,,,,,,,,,,,,,,,,,,,,,,,,,
2024-08-20, 본촌배수지 , 복리후생비 , 등기부등본(배수지) ," 1,000 ",," 1,000 ",,,,,,,,,,,,,,,,,,,,,,,,,,,,,
2024-08-20, 본촌배수지 , 복리후생비 , 등기부등본(배수지) ," 1,000 ",," 1,000 ",,,,,,,,,,,,,,,,,,,,,,,,,,,,,
2024-08-20, 본촌배수지 , 복리후생비 , 등기부등본(배수지) ," 1,000 ",," 1,000 ",,,,,,,,,,,,,,,,,,,,,,,,,,,,,
2024-08-20, 본촌배수지 , 복리후생비 , 등기부등본(배수지) ," 1,000 ",," 1,000 ",,,,,,,,,,,,,,,,,,,,,,,,,,,,,
2024-08-20, 본촌배수지 , 복리후생비 , 등기부등본(배수지) ," 1,000 ",," 1,000 ",,,,,,,,,,,,,,,,,,,,,,,,,,,,,
2024-08-20, 본촌배수지 , 복리후생비 , 등기부등본(배수지) ," 1,000 ",," 1,000 ",,,,,,,,,,,,,,,,,,,,,,,,,,,,,
2024-08-20, 본촌배수지 , 복리후생비 , 등기부등본(배수지) ," 1,000 ",," 1,000 ",,,,,,,,,,,,,,,,,,,,,,,,,,,,,
2024-08-25, 본촌배수지 , 유류대 , 정상훈기름 ," 54,267 ",," 54,267 ",,,,,,,,,,,,,,,,,,,,,,,,,,,,,
2024-08-29, 본촌배수지 , 복리후생비 , 점심(직원2명) ," 26,000 ",," 26,000 ",,,,,,,,,,,,,,,,,,,,,,,,,,,,,
2024-08-29, 본촌배수지 , 복리후생비 , 음료 ," 9,400 ",," 9,400 ",,,,,,,,,,,,,,,,,,,,,,,,,,,,,
2024-08-30, 본촌배수지 , 복리후생비 ," 점심(직원2,감리1) "," 33,000 ",," 33,000 ",,,,,,,,,,,,,,,,,,,,,,,,,,,,,
2024-08-30, 본촌배수지 , 유류대 , 이윤선차량 ," 90,000 ",," 90,000 ",,,,,,,,,,,,,,,,,,,,,,,,,,,,,
2024-09-03, 본촌배수지 , 유류대 , 이윤선차량 ," 113,050 ",," 113,050 ",,,,,,,,,,,,,,,,,,,,,,,,,,,,,
2024-09-04, 본촌배수지 , 유류대 ," b/h10,6743 기름 "," 492,000 ",," 492,000 ",,,,,,,,,,,,,,,,,,,,,,,,,,,,,
2024-09-04, 본촌배수지 , 복리후생비 ," 음료,물등 "," 36,450 ",," 36,450 ",,,,,,,,,,,,,,,,,,,,,,,,,,,,,
2024-09-04, 본촌배수지 , 복리후생비 ," 파스,정제수등 "," 65,000 ",," 65,000 ",,,,,,,,,,,,,,,,,,,,,,,,,,,,,
2024-09-05, 본촌배수지 , 복리후생비 ," a4,a3용지 "," 148,650 ",," 148,650 ",,,,,,,,,,,,,,,,,,,,,,,,,,,,,
2024-09-06, 본촌배수지 , 복리후생비 ," 결재판,배송렬도장 "," 38,000 ",," 38,000 ",,,,,,,,,,,,,,,,,,,,,,,,,,,,,
2024-09-06, 본촌배수지 , 복리후생비 , 욕실화 ," 6,000 ",," 6,000 ",,,,,,,,,,,,,,,,,,,,,,,,,,,,,
2024-09-06, 본촌배수지 , 복리후생비 ," 결제판,집게등 "," 75,900 ",," 75,900 ",,,,,,,,,,,,,,,,,,,,,,,,,,,,,
2024-09-06, 본촌배수지 , 복리후생비 ," 저녁(직원2,스마트안전업체3) "," 157,000 ",," 157,000 ",,,,,,,,,,,,,,,,,,,,,,,,,,,,,
2024-09-11, 본촌배수지 , 유류대 ," b/h10,6743 기름 "," 582,000 ",," 582,000 ",,,,,,,,,,,,,,,,,,,,,,,,,,,,,
2024-09-11, 본촌배수지 , 유류대 ," b/h10,6743 요소수 "," 40,000 ",," 40,000 ",,,,,,,,,,,,,,,,,,,,,,,,,,,,,
2024-09-12, 본촌배수지 , 유류대 , 이윤선차량 ," 113,000 ",," 113,000 ",,,,,,,,,,,,,,,,,,,,,,,,,,,,,
2024-09-13, 본촌배수지 , 복리후생비 ," 중식(직원2,인부2) "," 28,000 ",," 28,000 ",,,,,,,,,,,,,,,,,,,,,,,,,,,,,
2024-09-13, 본촌배수지 , 복리후생비 ," 생수,음료등 "," 54,000 ",," 54,000 ",,,,,,,,,,,,,,,,,,,,,,,,,,,,,
2024-09-13, 본촌배수지 , 유류대 ," b/h10,6743 기름 "," 509,000 ",," 509,000 ",,,,,,,,,,,,,,,,,,,,,,,,,,,,,
2024-09-13, 본촌배수지 , 유류대 ," b/h10,6743 요소수 "," 40,000 ",," 40,000 ",,,,,,,,,,,,,,,,,,,,,,,,,,,,,
2024-09-17, 본촌배수지 , 유류대 , 정상훈차량 ," 45,652 ",," 45,652 ",,,,,,,,,,,,,,,,,,,,,,,,,,,,,
2024-09-19, 본촌배수지 , 복리후생비 ," 중식(직원4,인부1) "," 35,000 ",," 35,000 ",,,,,,,,,,,,,,,,,,,,,,,,,,,,,
2024-09-19, 본촌배수지 , 복리후생비 ," 석식(직원2,감리3) "," 220,000 ",," 220,000 ",,,,,,,,,,,,,,,,,,,,,,,,,,,,,
2024-09-19, 본촌배수지 , 복리후생비 , 음료등 ," 28,000 ",," 28,000 ",,,,,,,,,,,,,,,,,,,,,,,,,,,,,
2024-09-20, 본촌배수지 , 복리후생비 , 조식 ," 7,450 ",," 7,450 ",,,,,,,,,,,,,,,,,,,,,,,,,,,,,
2024-09-20, 본촌배수지 , 복리후생비 ," 중식(직원4,감리3) "," 58,000 ",," 58,000 ",,,,,,,,,,,,,,,,,,,,,,,,,,,,,
2024-09-24, 본촌배수지 , 유류대 , 굴삭기10 기름 ," 585,000 ",," 585,000 ",,,,,,,,,,,,,,,,,,,,,,,,,,,,,
2024-09-24, 본촌배수지 , 유류대 , 굴삭기10 요소수 ," 40,000 ",," 40,000 ",,,,,,,,,,,,,,,,,,,,,,,,,,,,,
2024-09-24, 본촌배수지 , 유류대 , 이윤선차량 ," 104,000 ",," 104,000 ",,,,,,,,,,,,,,,,,,,,,,,,,,,,,
2024-09-25, 본촌배수지 , 차량수리비 , 1톤현장차량(브레이크수리) ," 305,800 ",," 305,800 ",,,,,,,,,,,,,,,,,,,,,,,,,,,,,
2024-09-25, 본촌배수지 , 유류대 , 성현민차량 ," 100,000 ",," 100,000 ",,,,,,,,,,,,,,,,,,,,,,,,,,,,,
2024-09-26, 본촌배수지 , 유류대 , 굴삭기10 기름 ," 674,000 ",," 674,000 ",,,,,,,,,,,,,,,,,,,,,,,,,,,,,
2024-09-26, 본촌배수지 , 유류대 , 굴삭기10 요소수 ," 20,000 ",," 20,000 ",,,,,,,,,,,,,,,,,,,,,,,,,,,,,
2024-09-30, 본촌배수지 , 유류대 , 굴삭기10 기름 ," 550,000 ",," 550,000 ",,,,,,,,,,,,,,,,,,,,,,,,,,,,,
2024-09-30, 본촌배수지 , 유류대 , 굴삭기10 요소수 ," 40,000 ",," 40,000 ",,,,,,,,,,,,,,,,,,,,,,,,,,,,,
2024-10-02, 본촌배수지 , 유류대 , 굴삭기10 기름 ," 528,000 ",," 528,000 ",,,,,,,,,,,,,,,,,,,,,,,,,,,,,
2024-10-02, 본촌배수지 , 유류대 , 굴삭기10 요소수 ," 40,000 ",," 40,000 ",,,,,,,,,,,,,,,,,,,,,,,,,,,,,
2024-10-03, 본촌배수지 , 복리후생비 ," 중식(직원1,인부2) "," 24,000 ",," 24,000 ",,,,,,,,,,,,,,,,,,,,,,,,,,,,,
2024-10-04, 본촌배수지 , 유류대 , 굴삭기10 기름 ," 455,000 ",," 455,000 ",,,,,,,,,,,,,,,,,,,,,,,,,,,,,
2024-10-04, 본촌배수지 , 유류대 , 굴삭기10 요소수 ," 40,000 ",," 40,000 ",,,,,,,,,,,,,,,,,,,,,,,,,,,,,
2024-10-04, 본촌배수지 , 복리후생비 , 시공측량 제본비 ," 20,000 ",," 20,000 ",,,,,,,,,,,,,,,,,,,,,,,,,,,,,
2024-10-04, 본촌배수지 , 복리후생비 , 현장1톤차량 워셔액보충 ," 8,000 ",," 8,000 ",,,,,,,,,,,,,,,,,,,,,,,,,,,,,
2024-10-04, 본촌배수지 , 유류대 , 성현민차량 ," 101,000 ",," 101,000 ",,,,,,,,,,,,,,,,,,,,,,,,,,,,,
2024-10-05, 본촌배수지 , 유류대 , 이윤선차량 ," 78,000 ",," 78,000 ",,,,,,,,,,,,,,,,,,,,,,,,,,,,,
2024-10-07, 본촌배수지 , 복리후생비 ," 현장회식(직원4,감리4) "," 160,000 ",," 160,000 ",,,,,,,,,,,,,,,,,,,,,,,,,,,,,
2024-10-07, 본촌배수지 , 복리후생비 ," 현장회식(직원4,감리4) "," 120,610 ",," 120,610 ",,,,,,,,,,,,,,,,,,,,,,,,,,,,,
2024-10-11, 본촌배수지 , 유류대 , 굴삭기10 기름 ," 580,000 ",," 580,000 ",,,,,,,,,,,,,,,,,,,,,,,,,,,,,
2024-10-11, 본촌배수지 , 유류대 , 굴삭기10 요소수 ," 40,000 ",," 40,000 ",,,,,,,,,,,,,,,,,,,,,,,,,,,,,
2024-10-11, 본촌배수지 , 유류대 , 성형민 차량 ," 99,000 ",," 99,000 ",,,,,,,,,,,,,,,,,,,,,,,,,,,,,
2024-10-12, 본촌배수지 , 복리후생비 , 중식(직원2) ," 26,000 ",," 26,000 ",,,,,,,,,,,,,,,,,,,,,,,,,,,,,
2024-10-12, 본촌배수지 , 복리후생비 , 음료등 ," 21,000 ",," 21,000 ",,,,,,,,,,,,,,,,,,,,,,,,,,,,,
2024-10-14, 본촌배수지 , 유류대 , 굴삭기10 기름 ," 541,000 ",," 541,000 ",,,,,,,,,,,,,,,,,,,,,,,,,,,,,
2024-10-14, 본촌배수지 , 유류대 , 굴삭기10 요소수 ," 40,000 ",," 40,000 ",,,,,,,,,,,,,,,,,,,,,,,,,,,,,
2024-10-14, 본촌배수지 , 복리후생비 , 석식(군산시공업체) ," 137,000 ",," 137,000 ",,,,,,,,,,,,,,,,,,,,,,,,,,,,,
2024-10-14, 본촌배수지 , 복리후생비 , 석식(군산시공업체) ," 5,000 ",," 5,000 ",,,,,,,,,,,,,,,,,,,,,,,,,,,,,
2024-10-15, 본촌배수지 , 차량수리비 , 성형민오일등 ," 72,700 ",," 72,700 ",,,,,,,,,,,,,,,,,,,,,,,,,,,,,
2024-10-15, 본촌배수지 , 유류대 , 이윤선차량 ," 109,000 ",," 109,000 ",,,,,,,,,,,,,,,,,,,,,,,,,,,,,
2024-10-16, 본촌배수지 , 복리후생비 , 조식 ," 16,700 ",," 16,700 ",,,,,,,,,,,,,,,,,,,,,,,,,,,,,
2024-10-16, 본촌배수지 , 복리후생비 ," 중식(직원1,감리1) "," 38,000 ",," 38,000 ",,,,,,,,,,,,,,,,,,,,,,,,,,,,,
2024-10-16, 본촌배수지 , 복리후생비 ," 중식(직원2,인부2) "," 66,000 ",," 66,000 ",,,,,,,,,,,,,,,,,,,,,,,,,,,,,
2024-10-16, 본촌배수지 , 복리후생비 , 간식(탕수육등) ," 54,000 ",," 54,000 ",,,,,,,,,,,,,,,,,,,,,,,,,,,,,
2024-10-16, 본촌배수지 , 복리후생비 ," 석식(직원3,감리4) "," 220,000 ",," 220,000 ",,,,,,,,,,,,,,,,,,,,,,,,,,,,,
2024-10-16, 본촌배수지 , 복리후생비 ," 석식(직원3,감리4) "," 110,000 ",," 110,000 ",,,,,,,,,,,,,,,,,,,,,,,,,,,,,
2024-10-17, 본촌배수지 , 복리후생비 , 조식 ," 14,000 ",," 14,000 ",,,,,,,,,,,,,,,,,,,,,,,,,,,,,
2024-10-17, 본촌배수지 , 복리후생비 , 침사지로프 ," 30,000 ",," 30,000 ",,,,,,,,,,,,,,,,,,,,,,,,,,,,,
2024-10-17, 본촌배수지 , 복리후생비 ," 침사지고정핀,타이 "," 64,000 ",," 64,000 ",,,,,,,,,,,,,,,,,,,,,,,,,,,,,
2024-10-17, 본촌배수지 , 복리후생비 , 사무실 정화조청소 ," 52,840 ",," 52,840 ",,,,,,,,,,,,,,,,,,,,,,,,,,,,,
2024-10-17, 본촌배수지 , 유류대 , 굴삭기10 기름 ," 514,000 ",," 514,000 ",,,,,,,,,,,,,,,,,,,,,,,,,,,,,
2024-10-17, 본촌배수지 , 유류대 , 굴삭기10 요소수 ," 40,000 ",," 40,000 ",,,,,,,,,,,,,,,,,,,,,,,,,,,,,
2024-10-17, 본촌배수지 , 복리후생비 ," 액자,물티슈 "," 28,500 ",," 28,500 ",,,,,,,,,,,,,,,,,,,,,,,,,,,,,
2024-10-18, 본촌배수지 , 유류대 , 현장1톤차량  ," 96,000 ",," 96,000 ",,,,,,,,,,,,,,,,,,,,,,,,,,,,,
2024-10-22, 본촌배수지 , 복리후생비 , 중식(직원3) ," 21,000 ",," 21,000 ",,,,,,,,,,,,,,,,,,,,,,,,,,,,,
2024-10-22, 본촌배수지 , 유류대 , 성현민 차량 ," 103,000 ",," 103,000 ",,,,,,,,,,,,,,,,,,,,,,,,,,,,,
2024-10-25, 본촌배수지 , 복리후생비 ," 쇠자,자물쇠등 "," 60,400 ",," 60,400 ",,,,,,,,,,,,,,,,,,,,,,,,,,,,,
2024-10-25, 본촌배수지 , 복리후생비 , 스템프(사토) ," 35,000 ",," 35,000 ",,,,,,,,,,,,,,,,,,,,,,,,,,,,,
2024-10-26, 본촌배수지 , 유류대 , 정상훈차량 ," 67,000 ",," 67,000 ",,,,,,,,,,,,,,,,,,,,,,,,,,,,,
2024-10-29, 본촌배수지 , 유류대 , 굴삭기10 ," 559,000 ",," 559,000 ",,,,,,,,,,,,,,,,,,,,,,,,,,,,,
2024-10-29, 본촌배수지 , 유류대 , 요소수 ," 40,000 ",," 40,000 ",,,,,,,,,,,,,,,,,,,,,,,,,,,,,
2024-10-29, 본촌배수지 , 복리후생비 ," 커피,종이컵등 "," 89,800 ",," 89,800 ",,,,,,,,,,,,,,,,,,,,,,,,,,,,,
2024-10-30, 본촌배수지 , 복리후생비 ," a4,a3용지 "," 192,480 ",," 192,480 ",,,,,,,,,,,,,,,,,,,,,,,,,,,,,
2024-10-31, 본촌배수지 , 유류대 , 굴삭기10 ," 495,000 ",," 495,000 ",,,,,,,,,,,,,,,,,,,,,,,,,,,,,
2024-10-31, 본촌배수지 , 유류대 , 요소수 ," 40,000 ",," 40,000 ",,,,,,,,,,,,,,,,,,,,,,,,,,,,,
2024-10-31, 본촌배수지 , 유류대 , 현장1톤 차량 ," 116,000 ",," 116,000 ",,,,,,,,,,,,,,,,,,,,,,,,,,,,,
2024-11-01, 본촌배수지 , 복리후생비 ," 제본용스테플러,클립등 "," 124,300 ",," 124,300 ",,,,,,,,,,,,,,,,,,,,,,,,,,,,,
2024-11-01, 본촌배수지 , 유류대 , 성현민 차량 ," 109,000 ",," 109,000 ",,,,,,,,,,,,,,,,,,,,,,,,,,,,,
2024-11-02, 본촌배수지 , 복리후생비 , 직원(3) ," 30,000 ",," 30,000 ",,,,,,,,,,,,,,,,,,,,,,,,,,,,,
2024-11-02, 본촌배수지 , 유류대 , 이윤선 차량 ," 93,000 ",," 93,000 ",,,,,,,,,,,,,,,,,,,,,,,,,,,,,
2024-11-05, 본촌배수지 , 복리후생비 ," 사토맘보지제작(12,000매) "," 275,000 ",," 275,000 ",,,,,,,,,,,,,,,,,,,,,,,,,,,,,
2024-11-06, 본촌배수지 , 복리후생비 , 스템프잉크추가 ," 22,000 ",," 22,000 ",,,,,,,,,,,,,,,,,,,,,,,,,,,,,
2024-11-07, 본촌배수지 , 복리후생비 , 중식(직원4) ," 46,000 ",," 46,000 ",,,,,,,,,,,,,,,,,,,,,,,,,,,,,
2024-11-09, 본촌배수지 , 복리후생비 , 근로자휴게실의자 ," 117,400 ",," 117,400 ",,,,,,,,,,,,,,,,,,,,,,,,,,,,,
2024-11-12, 본촌배수지 , 유류대 , 굴삭기10 ," 687,000 ",," 687,000 ",,,,,,,,,,,,,,,,,,,,,,,,,,,,,
2024-11-12, 본촌배수지 , 유류대 , 요소수 ," 20,000 ",," 20,000 ",,,,,,,,,,,,,,,,,,,,,,,,,,,,,
2024-11-13, 본촌배수지 , 복리후생비 , 성현민 하이패스충전 ," 100,000 ",," 100,000 ",,,,,,,,,,,,,,,,,,,,,,,,,,,,,
2024-11-13, 본촌배수지 , 유류대 , 성현민 차량 ," 108,000 ",," 108,000 ",,,,,,,,,,,,,,,,,,,,,,,,,,,,,
2024-11-13, 본촌배수지 , 유류대 , 이윤선 차량 ," 112,000 ",," 112,000 ",,,,,,,,,,,,,,,,,,,,,,,,,,,,,
2024-11-14, 본촌배수지 , 복리후생비 , 재해영향평가서 제본 ," 10,000 ",," 10,000 ",,,,,,,,,,,,,,,,,,,,,,,,,,,,,
2024-11-15, 본촌배수지 , 유류대 , 굴삭기10 ," 437,000 ",," 437,000 ",,,,,,,,,,,,,,,,,,,,,,,,,,,,,
2024-11-15, 본촌배수지 , 유류대 , 요소수 ," 40,000 ",," 40,000 ",,,,,,,,,,,,,,,,,,,,,,,,,,,,,
2024-11-18, 본촌배수지 , 복리후생비 ," 점심(직원3,인부2) "," 42,000 ",," 42,000 ",,,,,,,,,,,,,,,,,,,,,,,,,,,,,
2024-11-18, 본촌배수지 , 유류대 , 굴삭기10 ," 491,000 ",," 491,000 ",,,,,,,,,,,,,,,,,,,,,,,,,,,,,
2024-11-18, 본촌배수지 , 유류대 , 요소수 ," 40,000 ",," 40,000 ",,,,,,,,,,,,,,,,,,,,,,,,,,,,,
2024-11-19, 본촌배수지 , 복리후생비 ," 점심(직원4,감리3) "," 86,000 ",," 86,000 ",,,,,,,,,,,,,,,,,,,,,,,,,,,,,
2024-11-20, 본촌배수지 , 복리후생비 , 조식 ," 22,600 ",," 22,600 ",,,,,,,,,,,,,,,,,,,,,,,,,,,,,
2024-11-21, 본촌배수지 , 복리후생비 ," 점심(직원4,감리4,기술지원5) "," 143,000 ",," 143,000 ",,,,,,,,,,,,,,,,,,,,,,,,,,,,,
2024-11-21, 본촌배수지 , 복리후생비 , a4색지용지(변경) ," 44,800 ",," 44,800 ",,,,,,,,,,,,,,,,,,,,,,,,,,,,,
2024-11-21, 본촌배수지 , 유류대 , 굴삭기10 ," 745,000 ",," 745,000 ",,,,,,,,,,,,,,,,,,,,,,,,,,,,,
2024-11-21, 본촌배수지 , 유류대 , 요소수 ," 40,000 ",," 40,000 ",,,,,,,,,,,,,,,,,,,,,,,,,,,,,
2024-11-22, 본촌배수지 , 유류대 , 굴삭기10 ," 508,000 ",," 508,000 ",,,,,,,,,,,,,,,,,,,,,,,,,,,,,
2024-11-22, 본촌배수지 , 유류대 , 요소수 ," 40,000 ",," 40,000 ",,,,,,,,,,,,,,,,,,,,,,,,,,,,,
2024-11-22, 본촌배수지 , 복리후생비 , a3색지용지(변경) ," 41,640 ",," 41,640 ",,,,,,,,,,,,,,,,,,,,,,,,,,,,,
2024-11-28, 본촌배수지 , 복리후생비 , 점심(직원4) ," 45,000 ",," 45,000 ",,,,,,,,,,,,,,,,,,,,,,,,,,,,,
2024-11-28, 본촌배수지 , 유류대 , 이윤선차량 ," 117,000 ",," 117,000 ",,,,,,,,,,,,,,,,,,,,,,,,,,,,,
2024-11-29, 본촌배수지 , 복리후생비 , 점심(직원1외1명) ," 28,000 ",," 28,000 ",,,,,,,,,,,,,,,,,,,,,,,,,,,,,
2024-11-29, 본촌배수지 , 유류대 , 성형민차량 ," 108,000 ",," 108,000 ",,,,,,,,,,,,,,,,,,,,,,,,,,,,,
2024-12-02, 본촌배수지 , 복리후생비 ," 커피,종이컵등 "," 122,400 ",," 122,400 ",,,,,,,,,,,,,,,,,,,,,,,,,,,,,
2024-12-03, 본촌배수지 , 유류대 ," b/h10,6743 기름 "," 599,000 ",," 599,000 ",,,,,,,,,,,,,,,,,,,,,,,,,,,,,
2024-12-03, 본촌배수지 , 유류대 ," b/h10,6743 요소수 "," 40,000 ",," 40,000 ",,,,,,,,,,,,,,,,,,,,,,,,,,,,,
2024-12-04, 본촌배수지 , 복리후생비 , 만보지스템프 잉크구매 ," 30,000 ",," 30,000 ",,,,,,,,,,,,,,,,,,,,,,,,,,,,,
2024-12-05, 본촌배수지 , 유류대 ," b/h10,2대 기름 "," 599,000 ",," 599,000 ",,,,,,,,,,,,,,,,,,,,,,,,,,,,,
2024-12-05, 본촌배수지 , 유류대 ," b/h10,2대 요소수 "," 40,000 ",," 40,000 ",,,,,,,,,,,,,,,,,,,,,,,,,,,,,
2024-12-06, 본촌배수지 , 유류대 ," b/h10,2대 기름 "," 705,000 ",," 705,000 ",,,,,,,,,,,,,,,,,,,,,,,,,,,,,
2024-12-06, 본촌배수지 , 유류대 ," b/h10,2대 요소수 "," 40,000 ",," 40,000 ",,,,,,,,,,,,,,,,,,,,,,,,,,,,,
2024-12-07, 본촌배수지 , 복리후생비 , 조식 ," 16,500 ",," 16,500 ",,,,,,,,,,,,,,,,,,,,,,,,,,,,,
2024-12-07, 본촌배수지 , 복리후생비 ," 중식(직원3,인원5) "," 64,000 ",," 64,000 ",,,,,,,,,,,,,,,,,,,,,,,,,,,,,
2024-12-07, 본촌배수지 , 유류대 , 이윤선차량 ," 106,854 ",," 106,854 ",,,,,,,,,,,,,,,,,,,,,,,,,,,,,
2024-12-07, 본촌배수지 , 유류대 ," b/h10,2대 기름 "," 733,000 ",," 733,000 ",,,,,,,,,,,,,,,,,,,,,,,,,,,,,
2024-12-07, 본촌배수지 , 유류대 ," b/h10,2대 요소수 "," 40,000 ",," 40,000 ",,,,,,,,,,,,,,,,,,,,,,,,,,,,,
2024-12-07, 본촌배수지 , 유류대 , 성현민차량 ," 109,000 ",," 109,000 ",,,,,,,,,,,,,,,,,,,,,,,,,,,,,
2024-12-09, 본촌배수지 , 복리후생비 , 변경설계서 제본비 ," 30,000 ",," 30,000 ",,,,,,,,,,,,,,,,,,,,,,,,,,,,,
2024-12-09, 본촌배수지 , 유류대 , 현장1톤차량 ," 119,000 ",," 119,000 ",,,,,,,,,,,,,,,,,,,,,,,,,,,,,
2024-12-09, 본촌배수지 , 복리후생비 ," 화장지,바인더외 "," 92,500 ",," 92,500 ",,,,,,,,,,,,,,,,,,,,,,,,,,,,,
2024-12-10, 본촌배수지 , 복리후생비 , 도장 잉크액 구매(맘보지) ," 33,500 ",," 33,500 ",,,,,,,,,,,,,,,,,,,,,,,,,,,,,
2024-12-10, 본촌배수지 , 유류대 , 굴삭기10-2대 기름 ," 893,000 ",," 893,000 ",,,,,,,,,,,,,,,,,,,,,,,,,,,,,
2024-12-10, 본촌배수지 , 유류대 , 굴삭기10-2대 요소수 ," 60,000 ",," 60,000 ",,,,,,,,,,,,,,,,,,,,,,,,,,,,,
2024-12-12, 본촌배수지 , 복리후생비 , 성현민조식 ," 8,000 ",," 8,000 ",,,,,,,,,,,,,,,,,,,,,,,,,,,,,
2024-12-12, 본촌배수지 , 유류대 , 굴삭기10-2대 기름 ," 870,000 ",," 870,000 ",,,,,,,,,,,,,,,,,,,,,,,,,,,,,
2024-12-12, 본촌배수지 , 유류대 , 굴삭기10-2대 요소수 ," 20,000 ",," 20,000 ",,,,,,,,,,,,,,,,,,,,,,,,,,,,,
2024-12-12, 본촌배수지 , 복리후생비 , 우편발송(디케이) ," 4,940 ",," 4,940 ",,,,,,,,,,,,,,,,,,,,,,,,,,,,,
2024-12-13, 본촌배수지 , 복리후생비 , 사무실자물쇠 ," 5,000 ",," 5,000 ",,,,,,,,,,,,,,,,,,,,,,,,,,,,,
2024-12-14, 본촌배수지 , 유류대 , 정상훈기름 ," 80,000 ",," 80,000 ",,,,,,,,,,,,,,,,,,,,,,,,,,,,,
2024-12-14, 본촌배수지 , 복리후생비 , 중식(직원2) ," 36,000 ",," 36,000 ",,,,,,,,,,,,,,,,,,,,,,,,,,,,,
2024-12-16, 본촌배수지 , 유류대 , 굴삭기10-2대 기름 ," 804,000 ",," 804,000 ",,,,,,,,,,,,,,,,,,,,,,,,,,,,,
2024-12-16, 본촌배수지 , 유류대 , 굴삭기10-2대 요소수 ," 60,000 ",," 60,000 ",,,,,,,,,,,,,,,,,,,,,,,,,,,,,
2024-12-17, 본촌배수지 , 유류대 , 이윤선기름 ," 115,000 ",," 115,000 ",,,,,,,,,,,,,,,,,,,,,,,,,,,,,
2024-12-18, 본촌배수지 , 유류대 , 굴삭기10-1대 기름 ," 586,000 ",," 586,000 ",,,,,,,,,,,,,,,,,,,,,,,,,,,,,
2024-12-18, 본촌배수지 , 유류대 , 굴삭기10-1대 요소수 ," 40,000 ",," 40,000 ",,,,,,,,,,,,,,,,,,,,,,,,,,,,,
2024-12-19, 본촌배수지 , 유류대 , 성현민기름 ," 102,000 ",," 102,000 ",,,,,,,,,,,,,,,,,,,,,,,,,,,,,
2024-12-19, 본촌배수지 , 유류대 , 굴삭기10-1대 기름 ," 577,000 ",," 577,000 ",,,,,,,,,,,,,,,,,,,,,,,,,,,,,
2024-12-19, 본촌배수지 , 유류대 , 굴삭기10-1대 요소수 ," 40,000 ",," 40,000 ",,,,,,,,,,,,,,,,,,,,,,,,,,,,,
2024-12-20, 본촌배수지 , 복리후생비 , 기성검사음료등 ," 23,220 ",," 23,220 ",,,,,,,,,,,,,,,,,,,,,,,,,,,,,
2024-12-20, 본촌배수지 , 복리후생비 ," 커피,종이컵등 "," 81,220 ",," 81,220 ",,,,,,,,,,,,,,,,,,,,,,,,,,,,,
2024-12-20, 본촌배수지 , 유류대 , 현장1톤차량 ," 81,000 ",," 81,000 ",,,,,,,,,,,,,,,,,,,,,,,,,,,,,
2024-12-20, 본촌배수지 , 복리후생비 , 기성관련제본 ," 38,500 ",," 38,500 ",,,,,,,,,,,,,,,,,,,,,,,,,,,,,
2024-12-23, 본촌배수지 , 복리후생비 ," a4,a3용지등 "," 231,800 ",," 231,800 ",,,,,,,,,,,,,,,,,,,,,,,,,,,,,
2024-12-23, 본촌배수지 , 복리후생비 , 센서등 ," 18,000 ",," 18,000 ",,,,,,,,,,,,,,,,,,,,,,,,,,,,,
2024-12-24, 본촌배수지 , 유류대 , 굴삭기10-1대 기름 ," 491,000 ",," 491,000 ",,,,,,,,,,,,,,,,,,,,,,,,,,,,,
2024-12-24, 본촌배수지 , 유류대 , 굴삭기10-1대 요소수 ," 40,000 ",," 40,000 ",,,,,,,,,,,,,,,,,,,,,,,,,,,,,
2024-12-27, 본촌배수지 , 유류대 , 성현민차량 ," 112,000 ",," 112,000 ",,,,,,,,,,,,,,,,,,,,,,,,,,,,,
2024-12-27, 본촌배수지 , 복리후생비 , 성현민 중식 ," 11,000 ",," 11,000 ",,,,,,,,,,,,,,,,,,,,,,,,,,,,,
2024-12-27, 본촌배수지 , 유류대 , 정상훈차량 ," 65,925 ",," 65,925 ",,,,,,,,,,,,,,,,,,,,,,,,,,,,,
2024-12-31, 본촌배수지 , 유류대 , 현장1톤차량 ," 97,000 ",," 97,000 ",,,,,,,,,,,,,,,,,,,,,,,,,,,,,
2024-01-02, 본촌배수지 , 유류대 , 정의석차량 ," 84,000 ",," 84,000 ",,,,,,,,,,,,,,,,,,,,,,,,,,,,,
2025-01-04, 본촌배수지 , 유류대 , 성현민차량 ," 110,000 ",," 110,000 ",,,,,,,,,,,,,,,,,,,,,,,,,,,,,
2025-01-06, 본촌배수지 , 유류대 , 굴식기 10 유류 ," 495,000 ",," 495,000 ",,,,,,,,,,,,,,,,,,,,,,,,,,,,,
2025-01-06, 본촌배수지 , 유류대 , 굴식기 10 요소수 ," 40,000 ",," 40,000 ",,,,,,,,,,,,,,,,,,,,,,,,,,,,,
2025-01-06, 본촌배수지 , 유류대 , 이윤선차량 ," 120,000 ",," 120,000 ",,,,,,,,,,,,,,,,,,,,,,,,,,,,,
2025-01-06, 본촌배수지 , 복리후생비 , 음료등(민원) ," 30,000 ",," 30,000 ",,,,,,,,,,,,,,,,,,,,,,,,,,,,,
2025-01-06, 본촌배수지 , 복리후생비 ," 석식(직원3,감리3) "," 108,000 ",," 108,000 ",,,,,,,,,,,,,,,,,,,,,,,,,,,,,
2025-01-06, 본촌배수지 , 복리후생비 ," 석식(직원3,감리3) "," 100,000 ",," 100,000 ",,,,,,,,,,,,,,,,,,,,,,,,,,,,,
2025-01-07, 본촌배수지 , 복리후생비 , 택시비(단장) ," 6,000 ",," 6,000 ",,,,,,,,,,,,,,,,,,,,,,,,,,,,,
2025-01-07, 본촌배수지 , 복리후생비 , 정의석 명함 ," 33,500 ",," 33,500 ",,,,,,,,,,,,,,,,,,,,,,,,,,,,,
2025-01-10, 본촌배수지 , 복리후생비 , 생수(9월~12월) ," 275,000 ",," 275,000 ",,,,,,,,,,,,,,,,,,,,,,,,,,,,,
2025-01-10, 본촌배수지 , 복리후생비 , 상비약(감기약등) ," 48,000 ",," 48,000 ",,,,,,,,,,,,,,,,,,,,,,,,,,,,,
2025-01-14, 본촌배수지 , 복리후생비 ," 변경도면,수량산출서제본 "," 94,500 ",," 94,500 ",,,,,,,,,,,,,,,,,,,,,,,,,,,,,
2025-01-14, 본촌배수지 , 유류대 , 정의석주유 ," 85,000 ",," 85,000 ",,,,,,,,,,,,,,,,,,,,,,,,,,,,,
2025-01-15, 본촌배수지 , 유류대 , 굴삭기10 주유 ," 606,000 ",," 606,000 ",,,,,,,,,,,,,,,,,,,,,,,,,,,,,
2025-01-15, 본촌배수지 , 유류대 , 굴삭기10 요소수 ," 40,000 ",," 40,000 ",,,,,,,,,,,,,,,,,,,,,,,,,,,,,
2025-01-15, 본촌배수지 , 유류대 , 성형민 차량 ," 112,000 ",," 112,000 ",,,,,,,,,,,,,,,,,,,,,,,,,,,,,
2025-01-16, 본촌배수지 , 유류대 , 발전기 기름 ," 44,000 ",," 44,000 ",,,,,,,,,,,,,,,,,,,,,,,,,,,,,
2025-01-17, 본촌배수지 , 유류대 , 굴삭기10 기름 ," 601,000 ",," 601,000 ",,,,,,,,,,,,,,,,,,,,,,,,,,,,,
2025-01-17, 본촌배수지 , 유류대 , 굴삭기10 요소수 ," 40,000 ",," 40,000 ",,,,,,,,,,,,,,,,,,,,,,,,,,,,,
2025-01-17, 본촌배수지 , 복리후생비 , 중식(직원4.인원1) ," 49,000 ",," 49,000 ",,,,,,,,,,,,,,,,,,,,,,,,,,,,,
2025-01-17, 본촌배수지 , 복리후생비 , 암판정망치 ," 187,000 ",," 187,000 ",,,,,,,,,,,,,,,,,,,,,,,,,,,,,
2025-01-18, 본촌배수지 , 유류대 , 이윤선차량 ," 87,637 ",," 87,637 ",,,,,,,,,,,,,,,,,,,,,,,,,,,,,
2025-01-24, 본촌배수지 , 유류대 , 성현민차량 ," 110,000 ",," 110,000 ",,,,,,,,,,,,,,,,,,,,,,,,,,,,,
2025-02-03, 본촌배수지 , 유류대 , 정의석차량 ," 92,000 ",," 92,000 ",,,,,,,,,,,,,,,,,,,,,,,,,,,,,
2025-02-04, 본촌배수지 , 복리후생비 ," 중식(직원5,장비1) "," 59,000 ",," 59,000 ",,,,,,,,,,,,,,,,,,,,,,,,,,,,,
2025-02-05, 본촌배수지 , 유류대 , 이윤선차량 ," 118,000 ",," 118,000 ",,,,,,,,,,,,,,,,,,,,,,,,,,,,,
2025-02-06, 본촌배수지 , 유류대 , 정상훈차량 ," 55,764 ",," 55,764 ",,,,,,,,,,,,,,,,,,,,,,,,,,,,,
2025-02-06, 본촌배수지 , 유류대 , 손오현차량 ," 70,000 ",," 70,000 ",,,,,,,,,,,,,,,,,,,,,,,,,,,,,
2025-02-06, 본촌배수지 , 복리후생비 , 음료(슈미트햄머빌린업체) ," 15,500 ",," 15,500 ",,,,,,,,,,,,,,,,,,,,,,,,,,,,,
2025-02-13, 본촌배수지 , 복리후생비 , 중식(직원5) ," 42,000 ",," 42,000 ",,,,,,,,,,,,,,,,,,,,,,,,,,,,,
2025-02-14, 본촌배수지 , 복리후생비 , 2차분설계서제본 ," 170,650 ",," 170,650 ",,,,,,,,,,,,,,,,,,,,,,,,,,,,,
2025-02-15, 본촌배수지 , 유류대 , 손오현차량 ," 70,000 ",," 70,000 ",,,,,,,,,,,,,,,,,,,,,,,,,,,,,
2025-02-17, 본촌배수지 , 유류대 , 정의석차량 ," 90,000 ",," 90,000 ",,,,,,,,,,,,,,,,,,,,,,,,,,,,,
2025-02-17, 본촌배수지 , 유류대 , 1톤포터 ," 61,000 ",," 61,000 ",,,,,,,,,,,,,,,,,,,,,,,,,,,,,
2025-02-17, 본촌배수지 , 유류대 , 굴삭기10 기름 ," 667,000 ",," 667,000 ",,,,,,,,,,,,,,,,,,,,,,,,,,,,,
2025-02-17, 본촌배수지 , 유류대 , 굴삭기10 요오수 ," 40,000 ",," 40,000 ",,,,,,,,,,,,,,,,,,,,,,,,,,,,,
2025-02-19, 본촌배수지 , 유류대 , 굴삭기10 기름 ," 575,000 ",," 575,000 ",,,,,,,,,,,,,,,,,,,,,,,,,,,,,
2025-02-19, 본촌배수지 , 유류대 , 굴삭기10 요오수 ," 40,000 ",," 40,000 ",,,,,,,,,,,,,,,,,,,,,,,,,,,,,
2025-02-21, 본촌배수지 , 유류대 , 이윤선차량 ," 116,000 ",," 116,000 ",,,,,,,,,,,,,,,,,,,,,,,,,,,,,
2025-02-22, 본촌배수지 , 유류대 , 손오현차량 ," 74,000 ",," 74,000 ",,,,,,,,,,,,,,,,,,,,,,,,,,,,,
2025-02-22, 본촌배수지 , 유류대 , 정상훈차량 ," 62,000 ",," 62,000 ",,,,,,,,,,,,,,,,,,,,,,,,,,,,,
2025-02-22, 본촌배수지 , 복리후생비 ," 석식(직원2,외부3)시청관계자 "," 189,000 ",," 189,000 ",,,,,,,,,,,,,,,,,,,,,,,,,,,,,
2025-02-24, 본촌배수지 , 복리후생비 , 준공결과보고제본비 ," 40,000 ",," 40,000 ",,,,,,,,,,,,,,,,,,,,,,,,,,,,,
2025-02-24, 본촌배수지 , 차량수리비 , 정의석차량 오일등 ," 70,000 ",," 70,000 ",,,,,,,,,,,,,,,,,,,,,,,,,,,,,
2025-02-24, 본촌배수지 , 유류대 , 굴삭기10 주유 ," 510,000 ",," 510,000 ",,,,,,,,,,,,,,,,,,,,,,,,,,,,,
2025-02-24, 본촌배수지 , 유류대 , 굴삭기10 요소수 ," 40,000 ",," 40,000 ",,,,,,,,,,,,,,,,,,,,,,,,,,,,,
2025-02-27, 본촌배수지 , 유류대 , 굴삭기10 주유 ," 520,000 ",," 520,000 ",,,,,,,,,,,,,,,,,,,,,,,,,,,,,
2025-02-27, 본촌배수지 , 유류대 , 굴삭기10 요소수 ," 20,000 ",," 20,000 ",,,,,,,,,,,,,,,,,,,,,,,,,,,,,
2025-02-28, 본촌배수지 , 복리후생비 ," 석식(직원2,군산3) "," 177,000 ",," 177,000 ",,,,,,,,,,,,,,,,,,,,,,,,,,,,,
2025-03-01, 본촌배수지 , 유류대 , 정상훈기름 ," 49,000 ",," 49,000 ",,,,,,,,,,,,,,,,,,,,,,,,,,,,,
2025-03-04, 본촌배수지 , 유류대 , 정의석기름 ," 83,000 ",," 83,000 ",,,,,,,,,,,,,,,,,,,,,,,,,,,,,
2025-03-04, 본촌배수지 , 복리후생비 ," 2차분착공계(수량,도면)제본 "," 72,000 ",," 72,000 ",,,,,,,,,,,,,,,,,,,,,,,,,,,,,
2025-03-05, 본촌배수지 , 유류대 , 현장더블캡 ," 69,000 ",," 69,000 ",,,,,,,,,,,,,,,,,,,,,,,,,,,,,
2025-03-07, 본촌배수지 , 복리후생비 ," 중식(직원2,장비1) "," 21,000 ",," 21,000 ",,,,,,,,,,,,,,,,,,,,,,,,,,,,,
2025-03-07, 본촌배수지 , 유류대 , 굴삭기10 기름 ," 571,000 ",," 571,000 ",,,,,,,,,,,,,,,,,,,,,,,,,,,,,
2025-03-07, 본촌배수지 , 유류대 , 굴삭기10 요소수 ," 40,000 ",," 40,000 ",,,,,,,,,,,,,,,,,,,,,,,,,,,,,
2025-03-08, 본촌배수지 , 유류대 , 정상훈기름 ," 52,421 ",," 52,421 ",,,,,,,,,,,,,,,,,,,,,,,,,,,,,
2025-03-10, 본촌배수지 , 유류대 , 이윤선기름 ," 120,000 ",," 120,000 ",,,,,,,,,,,,,,,,,,,,,,,,,,,,,
2025-03-11, 본촌배수지 , 유류대 , 굴삭기10 기름 ," 609,000 ",," 609,000 ",,,,,,,,,,,,,,,,,,,,,,,,,,,,,
2025-03-11, 본촌배수지 , 유류대 , 굴삭기10 요소수 ," 40,000 ",," 40,000 ",,,,,,,,,,,,,,,,,,,,,,,,,,,,,
2025-03-12, 본촌배수지 , 복리후생비 , 수정제본(착공) ," 13,300 ",," 13,300 ",,,,,,,,,,,,,,,,,,,,,,,,,,,,,
2025-03-12, 본촌배수지 , 복리후생비 , 손오현하이패스 ," 100,000 ",," 100,000 ",,,,,,,,,,,,,,,,,,,,,,,,,,,,,
2025-03-12, 본촌배수지 , 복리후생비 , 우편(디케이) ," 3,620 ",," 3,620 ",,,,,,,,,,,,,,,,,,,,,,,,,,,,,
2025-03-13, 본촌배수지 , 유류대 , 굴삭기10 기름 ," 483,000 ",," 483,000 ",,,,,,,,,,,,,,,,,,,,,,,,,,,,,
2025-03-13, 본촌배수지 , 유류대 , 굴삭기10 요소수 ," 40,000 ",," 40,000 ",,,,,,,,,,,,,,,,,,,,,,,,,,,,,
2025-03-14, 본촌배수지 , 유류대 , 정의석기름 ," 77,000 ",," 77,000 ",,,,,,,,,,,,,,,,,,,,,,,,,,,,,
2025-03-17, 본촌배수지 , 유류대 , 손오현기름 ," 82,000 ",," 82,000 ",,,,,,,,,,,,,,,,,,,,,,,,,,,,,
2025-03-17, 본촌배수지 , 복리후생비 , 제본(임목폐기물) ," 25,000 ",," 25,000 ",,,,,,,,,,,,,,,,,,,,,,,,,,,,,
2025-03-17, 본촌배수지 , 복리후생비 , 등기(구일)하도급직불합의서 ," 3,620 ",," 3,620 ",,,,,,,,,,,,,,,,,,,,,,,,,,,,,
2025-03-17, 본촌배수지 , 유류대 , 굴삭기10 기름 ," 40,000 ",," 40,000 ",,,,,,,,,,,,,,,,,,,,,,,,,,,,,
2025-03-17, 본촌배수지 , 유류대 , 굴삭기10 요소수 ," 592,000 ",," 592,000 ",,,,,,,,,,,,,,,,,,,,,,,,,,,,,
2025-03-21, 본촌배수지 , 유류대 , 정상훈기름 ," 31,929 ",," 31,929 ",,,,,,,,,,,,,,,,,,,,,,,,,,,,,
2025-03-22, 본촌배수지 , 복리후생비 ," 콘센트,몰딩등 "," 93,000 ",," 93,000 ",,,,,,,,,,,,,,,,,,,,,,,,,,,,,
2025-03-22, 본촌배수지 , 복리후생비 , 인터넷케이븡등 ," 39,000 ",," 39,000 ",,,,,,,,,,,,,,,,,,,,,,,,,,,,,
2025-03-24, 본촌배수지 , 복리후생비 , 등기(디케이)하도급서류 ," 5,000 ",," 5,000 ",,,,,,,,,,,,,,,,,,,,,,,,,,,,,
2025-03-26, 본촌배수지 , 유류대 , 손오현기름 ," 80,000 ",," 80,000 ",,,,,,,,,,,,,,,,,,,,,,,,,,,,,
2025-03-27, 본촌배수지 , 복리후생비 , 우편(구일) ," 3,620 ",," 3,620 ",,,,,,,,,,,,,,,,,,,,,,,,,,,,,
2025-03-27, 본촌배수지 , 복리후생비 , 공무컴퓨터구입 ," 1,680,000 ",," 1,680,000 ",,,,,,,,,,,,,,,,,,,,,,,,,,,,,
2025-03-28, 본촌배수지 , 유류대 , 안전차량기름 ," 67,000 ",," 67,000 ",,,,,,,,,,,,,,,,,,,,,,,,,,,,,
2025-03-28, 본촌배수지 , 복리후생비 , 음료 ," 12,000 ",," 12,000 ",,,,,,,,,,,,,,,,,,,,,,,,,,,,,
2025-03-28, 본촌배수지 , 복리후생비 , 중식(직원) ," 24,000 ",," 24,000 ",,,,,,,,,,,,,,,,,,,,,,,,,,,,,
2025-03-28, 본촌배수지 , 유류대 , 정의석기름 ," 79,000 ",," 79,000 ",,,,,,,,,,,,,,,,,,,,,,,,,,,,,
2025-03-28, 본촌배수지 , 유류대 , 이윤선기름 ," 101,000 ",," 101,000 ",,,,,,,,,,,,,,,,,,,,,,,,,,,,,
2025-04-02, 본촌배수지 , 유류대 , 손오현기름 ," 63,000 ",," 63,000 ",,,,,,,,,,,,,,,,,,,,,,,,,,,,,
2025-04-02, 본촌배수지 , 복리후생비 , 음료 ," 5,300 ",," 5,300 ",,,,,,,,,,,,,,,,,,,,,,,,,,,,,
2025-04-02, 본촌배수지 , 복리후생비 , 손오현하이패스 ," 100,000 ",," 100,000 ",,,,,,,,,,,,,,,,,,,,,,,,,,,,,
2025-04-07, 본촌배수지 , 유류대 , 굴삭기 10 기름7037 ," 517,000 ",," 517,000 ",,,,,,,,,,,,,,,,,,,,,,,,,,,,,
2025-04-07, 본촌배수지 , 유류대 , 굴삭기 10 요소수7037 ," 40,000 ",," 40,000 ",,,,,,,,,,,,,,,,,,,,,,,,,,,,,
2025-04-07, 본촌배수지 , 유류대 , 굴삭기 10 기름9438 ," 492,000 ",," 492,000 ",,,,,,,,,,,,,,,,,,,,,,,,,,,,,
2025-04-07, 본촌배수지 , 유류대 , 굴삭기 10 요소수9438 ," 40,000 ",," 40,000 ",,,,,,,,,,,,,,,,,,,,,,,,,,,,,
2025-04-08, 본촌배수지 , 유류대 , 손오현기름 ," 82,000 ",," 82,000 ",,,,,,,,,,,,,,,,,,,,,,,,,,,,,
2025-04-09, 본촌배수지 , 유류대 , 굴삭기 10 기름7037 ," 489,000 ",," 489,000 ",,,,,,,,,,,,,,,,,,,,,,,,,,,,,
2025-04-09, 본촌배수지 , 유류대 , 굴삭기 10 요소수7037 ," 40,000 ",," 40,000 ",,,,,,,,,,,,,,,,,,,,,,,,,,,,,
2025-04-09, 본촌배수지 , 유류대 , 굴삭기 10 기름9438 ," 560,000 ",," 560,000 ",,,,,,,,,,,,,,,,,,,,,,,,,,,,,
2025-04-09, 본촌배수지 , 유류대 , 굴삭기 10 요소수9438 ," 40,000 ",," 40,000 ",,,,,,,,,,,,,,,,,,,,,,,,,,,,,
2025-04-10, 본촌배수지 , 유류대 , 품질관리차량 주유 ," 82,000 ",," 82,000 ",,,,,,,,,,,,,,,,,,,,,,,,,,,,,
2025-04-10, 본촌배수지 , 유류대 , 품질차량세차 ," 12,000 ",," 12,000 ",,,,,,,,,,,,,,,,,,,,,,,,,,,,,
2025-04-10, 본촌배수지 , 유류대 , 정의석주유 ," 88,000 ",," 88,000 ",,,,,,,,,,,,,,,,,,,,,,,,,,,,,
2025-04-14, 본촌배수지 , 유류대 , 김재식주유 ," 81,000 ",," 81,000 ",,,,,,,,,,,,,,,,,,,,,,,,,,,,,
2025-04-15, 본촌배수지 , 복리후생비 , 김우남(공무)명함 ," 10,000 ",," 10,000 ",,,,,,,,,,,,,,,,,,,,,,,,,,,,,
2025-04-15, 본촌배수지 , 복리후생비 , 김우남(공무)명함 ," 5,000 ",," 5,000 ",,,,,,,,,,,,,,,,,,,,,,,,,,,,,
2025-04-16, 본촌배수지 , 복리후생비 ," 깔깔이,우함마,줄자등 "," 157,000 ",," 157,000 ",,,,,,,,,,,,,,,,,,,,,,,,,,,,,
2025-04-16, 본촌배수지 , 복리후생비 ," 중식(직원7,장비2) "," 63,000 ",," 63,000 ",,,,,,,,,,,,,,,,,,,,,,,,,,,,,
2025-04-16, 본촌배수지 , 유류대 , 굴삭기 10 기름7037 ," 648,000 ",," 648,000 ",,,,,,,,,,,,,,,,,,,,,,,,,,,,,
2025-04-16, 본촌배수지 , 유류대 , 굴삭기 10 요소수7037 ," 20,000 ",," 20,000 ",,,,,,,,,,,,,,,,,,,,,,,,,,,,,
2025-04-16, 본촌배수지 , 유류대 , 굴삭기 10 기름9438 ," 592,000 ",," 592,000 ",,,,,,,,,,,,,,,,,,,,,,,,,,,,,
2025-04-16, 본촌배수지 , 유류대 , 굴삭기 10 요소수9438 ," 40,000 ",," 40,000 ",,,,,,,,,,,,,,,,,,,,,,,,,,,,,
2025-04-17, 본촌배수지 , 유류대 , 손오현주유 ," 79,000 ",," 79,000 ",,,,,,,,,,,,,,,,,,,,,,,,,,,,,
2025-04-18, 본촌배수지 , 유류대 , 이윤선주유 ," 115,000 ",," 115,000 ",,,,,,,,,,,,,,,,,,,,,,,,,,,,,
2025-04-18, 본촌배수지 , 유류대 , 김우남주유 ," 72,000 ",," 72,000 ",,,,,,,,,,,,,,,,,,,,,,,,,,,,,
2025-04-19, 본촌배수지 , 유류대 , 굴삭기 10 기름7037 ," 643,000 ",," 643,000 ",,,,,,,,,,,,,,,,,,,,,,,,,,,,,
2025-04-19, 본촌배수지 , 유류대 , 굴삭기 10 요소수7037 ," 40,000 ",," 40,000 ",,,,,,,,,,,,,,,,,,,,,,,,,,,,,
2025-04-19, 본촌배수지 , 유류대 , 굴삭기 10 기름9438 ," 626,000 ",," 626,000 ",,,,,,,,,,,,,,,,,,,,,,,,,,,,,
2025-04-19, 본촌배수지 , 유류대 , 굴삭기 10 요소수9438 ," 40,000 ",," 40,000 ",,,,,,,,,,,,,,,,,,,,,,,,,,,,,
2025-04-19, 본촌배수지 , 복리후생비 ," 중식(장비2,인원1) "," 40,000 ",," 40,000 ",,,,,,,,,,,,,,,,,,,,,,,,,,,,,
2025-04-19, 본촌배수지 , 복리후생비 , 간식(음료등) ," 16,400 ",," 16,400 ",,,,,,,,,,,,,,,,,,,,,,,,,,,,,
2025-04-21, 본촌배수지 , 유류대 , 굴삭기 10 기름7037 ," 20,000 ",," 20,000 ",,,,,,,,,,,,,,,,,,,,,,,,,,,,,
2025-04-21, 본촌배수지 , 유류대 , 굴삭기 10 요소수7037 ," 578,000 ",," 578,000 ",,,,,,,,,,,,,,,,,,,,,,,,,,,,,
2025-04-21, 본촌배수지 , 유류대 , 굴삭기 10 기름9438 ," 20,000 ",," 20,000 ",,,,,,,,,,,,,,,,,,,,,,,,,,,,,
2025-04-21, 본촌배수지 , 유류대 , 굴삭기 10 요소수9438 ," 418,000 ",," 418,000 ",,,,,,,,,,,,,,,,,,,,,,,,,,,,,
2025-04-24, 본촌배수지 , 유류대 , 굴삭기 10 기름7037 ," 395,000 ",," 395,000 ",,,,,,,,,,,,,,,,,,,,,,,,,,,,,
2025-04-24, 본촌배수지 , 유류대 , 굴삭기 10 요소수7037 ," 20,000 ",," 20,000 ",,,,,,,,,,,,,,,,,,,,,,,,,,,,,
2025-04-24, 본촌배수지 , 유류대 , 굴삭기 10 기름9438 ," 369,000 ",," 369,000 ",,,,,,,,,,,,,,,,,,,,,,,,,,,,,
2025-04-24, 본촌배수지 , 유류대 , 굴삭기 10 요소수9438 ," 20,000 ",," 20,000 ",,,,,,,,,,,,,,,,,,,,,,,,,,,,,
2025-04-25, 본촌배수지 , 복리후생비 , 법면잔디복합비료 ," 28,000 ",," 28,000 ",,,,,,,,,,,,,,,,,,,,,,,,,,,,,
2025-04-25, 본촌배수지 , 유류대 , 김재식주유 ," 80,000 ",," 80,000 ",,,,,,,,,,,,,,,,,,,,,,,,,,,,,
2025-04-26, 본촌배수지 , 유류대 , 정의석주유 ," 79,000 ",," 79,000 ",,,,,,,,,,,,,,,,,,,,,,,,,,,,,
2025-04-28, 본촌배수지 , 유류대 , 손오현주유 ," 78,000 ",," 78,000 ",,,,,,,,,,,,,,,,,,,,,,,,,,,,,
2025-04-28, 본촌배수지 , 유류대 , 굴삭기 10 기름7037 ," 514,000 ",," 514,000 ",,,,,,,,,,,,,,,,,,,,,,,,,,,,,
2025-04-28, 본촌배수지 , 유류대 , 굴삭기 10 요소수7037 ," 20,000 ",," 20,000 ",,,,,,,,,,,,,,,,,,,,,,,,,,,,,
2025-04-28, 본촌배수지 , 유류대 , 굴삭기 10 기름9438 ," 481,000 ",," 481,000 ",,,,,,,,,,,,,,,,,,,,,,,,,,,,,
2025-04-28, 본촌배수지 , 유류대 , 굴삭기 10 요소수9438 ," 20,000 ",," 20,000 ",,,,,,,,,,,,,,,,,,,,,,,,,,,,,
2025-04-28, 본촌배수지 , 차량수리비 , 손오현차량 엔진오일등 ," 97,000 ",," 97,000 ",,,,,,,,,,,,,,,,,,,,,,,,,,,,,
2025-04-29, 본촌배수지 , 복리후생비 , 음료(자재검수) ," 9,000 ",," 9,000 ",,,,,,,,,,,,,,,,,,,,,,,,,,,,,
2025-04-30, 본촌배수지 , 유류대 , 굴삭기 10 요소수7037 ," 20,000 ",," 20,000 ",,,,,,,,,,,,,,,,,,,,,,,,,,,,,
2025-04-30, 본촌배수지 , 유류대 , 굴삭기 10 기름9438 ," 428,000 ",," 428,000 ",,,,,,,,,,,,,,,,,,,,,,,,,,,,,
2025-04-30, 본촌배수지 , 유류대 , 굴삭기 10 요소수9438 ," 20,000 ",," 20,000 ",,,,,,,,,,,,,,,,,,,,,,,,,,,,,
2025-04-30, 본촌배수지 , 복리후생비 , 폐기물설계서 제본 ," 20,000 ",," 20,000 ",,,,,,,,,,,,,,,,,,,,,,,,,,,,,
2025-05-03, 본촌배수지 , 유류대 , 김재식주유 ," 61,000 ",," 61,000 ",,,,,,,,,,,,,,,,,,,,,,,,,,,,,
2025-05-03, 본촌배수지 , 유류대 , 정의석기름 ," 80,000 ",," 80,000 ",,,,,,,,,,,,,,,,,,,,,,,,,,,,,
2025-05-07, 본촌배수지 , 복리후생비 , 중식(직원4) ," 43,000 ",," 43,000 ",,,,,,,,,,,,,,,,,,,,,,,,,,,,,
2025-05-07, 본촌배수지 , 유류대 , 손오현기름 ," 63,000 ",," 63,000 ",,,,,,,,,,,,,,,,,,,,,,,,,,,,,
2025-05-08, 본촌배수지 , 복리후생비 , 생수(18리터등) ," 165,000 ",," 165,000 ",,,,,,,,,,,,,,,,,,,,,,,,,,,,,
2025-05-08, 본촌배수지 , 유류대 , 김오남주유 ," 76,000 ",," 76,000 ",,,,,,,,,,,,,,,,,,,,,,,,,,,,,
2025-05-12, 본촌배수지 , 복리후생비 , 석식(직원2) ," 24,000 ",," 24,000 ",,,,,,,,,,,,,,,,,,,,,,,,,,,,,
2025-05-13, 본촌배수지 , 복리후생비 ," 중식(직원2,인원2) "," 28,000 ",," 28,000 ",,,,,,,,,,,,,,,,,,,,,,,,,,,,,
2025-05-13, 본촌배수지 , 유류대 , 굴삭기 주유 7037 ," 488,000 ",," 488,000 ",,,,,,,,,,,,,,,,,,,,,,,,,,,,,
2025-05-13, 본촌배수지 , 유류대 , 굴삭기 요소수 ," 40,000 ",," 40,000 ",,,,,,,,,,,,,,,,,,,,,,,,,,,,,
2025-05-13, 본촌배수지 , 유류대 , 김재식차량 ," 84,000 ",," 84,000 ",,,,,,,,,,,,,,,,,,,,,,,,,,,,,
2025-05-14, 본촌배수지 , 유류대 , 정의석차량 ," 78,000 ",," 78,000 ",,,,,,,,,,,,,,,,,,,,,,,,,,,,,
2025-05-14, 본촌배수지 , 복리후생비 ," 중식(직원4,인원6) "," 100,000 ",," 100,000 ",,,,,,,,,,,,,,,,,,,,,,,,,,,,,
2025-05-14, 본촌배수지 , 유류대 , 굴삭기 주유 7037 ," 204,000 ",," 204,000 ",,,,,,,,,,,,,,,,,,,,,,,,,,,,,
2025-05-14, 본촌배수지 , 유류대 , 굴삭기 요소수 ," 20,000 ",," 20,000 ",,,,,,,,,,,,,,,,,,,,,,,,,,,,,
2025-05-14, 본촌배수지 , 유류대 , 굴삭기 주유 9438 ," 407,000 ",," 407,000 ",,,,,,,,,,,,,,,,,,,,,,,,,,,,,
2025-05-14, 본촌배수지 , 유류대 , 굴삭기 요소수 ," 20,000 ",," 20,000 ",,,,,,,,,,,,,,,,,,,,,,,,,,,,,
2025-05-15, 본촌배수지 , 복리후생비 , 손오현하이패스(자재검수) ," 100,000 ",," 100,000 ",,,,,,,,,,,,,,,,,,,,,,,,,,,,,
2025-05-15, 본촌배수지 , 복리후생비 , 음료(자재검수) ," 6,000 ",," 6,000 ",,,,,,,,,,,,,,,,,,,,,,,,,,,,,
2025-05-15, 본촌배수지 , 유류대 , 손오현주유(자재검수) ," 71,000 ",," 71,000 ",,,,,,,,,,,,,,,,,,,,,,,,,,,,,
2025-05-15, 본촌배수지 , 복리후생비 , 숙소(자재검수) ," 100,000 ",," 100,000 ",,,,,,,,,,,,,,,,,,,,,,,,,,,,,
2025-05-15, 본촌배수지 , 복리후생비 , 석식(자재검수) ," 53,000 ",," 53,000 ",,,,,,,,,,,,,,,,,,,,,,,,,,,,,
2025-05-19, 본촌배수지 , 유류대 , 손오현주유 ," 82,000 ",," 82,000 ",,,,,,,,,,,,,,,,,,,,,,,,,,,,,
2025-05-19, 본촌배수지 , 복리후생비 , 컴퓨터업그레이 ," 132,000 ",," 132,000 ",,,,,,,,,,,,,,,,,,,,,,,,,,,,,
2025-05-20, 본촌배수지 , 유류대 , 굴삭기 9438 주유 ," 599,000 ",," 599,000 ",,,,,,,,,,,,,,,,,,,,,,,,,,,,,
2025-05-20, 본촌배수지 , 유류대 , 굴삭기 9438 요소수 ," 40,000 ",," 40,000 ",,,,,,,,,,,,,,,,,,,,,,,,,,,,,
2025-05-21, 본촌배수지 , 복리후생비 , 안전로프등(현장점검) ," 136,000 ",," 136,000 ",,,,,,,,,,,,,,,,,,,,,,,,,,,,,
2025-05-21, 본촌배수지 , 복리후생비 ," a4,a3 용지 "," 243,000 ",," 243,000 ",,,,,,,,,,,,,,,,,,,,,,,,,,,,,
2025-05-21, 본촌배수지 , 복리후생비 ," 중식(직원5,장비1) "," 73,620 ",," 73,620 ",,,,,,,,,,,,,,,,,,,,,,,,,,,,,
2025-05-21, 본촌배수지 , 유류대 , 굴삭기 9438 주유 ," 590,000 ",," 590,000 ",,,,,,,,,,,,,,,,,,,,,,,,,,,,,
2025-05-21, 본촌배수지 , 유류대 , 굴삭기 9438 요소수 ," 20,000 ",," 20,000 ",,,,,,,,,,,,,,,,,,,,,,,,,,,,,
2025-05-21, 본촌배수지 , 복리후생비 , 스템프도장 ," 40,000 ",," 40,000 ",,,,,,,,,,,,,,,,,,,,,,,,,,,,,
2025-05-23, 본촌배수지 , 복리후생비 , 음료(현장) ," 46,200 ",," 46,200 ",,,,,,,,,,,,,,,,,,,,,,,,,,,,,
2025-05-23, 본촌배수지 , 복리후생비 , 문구류(집게등) ," 20,200 ",," 20,200 ",,,,,,,,,,,,,,,,,,,,,,,,,,,,,
2025-05-26, 본촌배수지 , 유류대 , 정의석주유 ," 82,000 ",," 82,000 ",,,,,,,,,,,,,,,,,,,,,,,,,,,,,
2025-05-26, 본촌배수지 , 복리후생비 , 액자 3ea ," 16,200 ",," 16,200 ",,,,,,,,,,,,,,,,,,,,,,,,,,,,,
2025-05-26, 본촌배수지 , 복리후생비 ," 비옷,삽등 "," 58,000 ",," 58,000 ",,,,,,,,,,,,,,,,,,,,,,,,,,,,,
2025-05-26, 본촌배수지 , 복리후생비 ," 중식(직원3,인원3) "," 42,000 ",," 42,000 ",,,,,,,,,,,,,,,,,,,,,,,,,,,,,
2025-05-26, 본촌배수지 , 유류대 , 굴삭기 7037 유류 ," 527,000 ",," 527,000 ",,,,,,,,,,,,,,,,,,,,,,,,,,,,,
2025-05-26, 본촌배수지 , 유류대 , 굴삭기 7037 요소수 ," 20,000 ",," 20,000 ",,,,,,,,,,,,,,,,,,,,,,,,,,,,,
2025-05-26, 본촌배수지 , 유류대 , 굴삭기 9438 유류 ," 271,000 ",," 271,000 ",,,,,,,,,,,,,,,,,,,,,,,,,,,,,
2025-05-26, 본촌배수지 , 유류대 , 굴삭기 9438 요소수 ," 20,000 ",," 20,000 ",,,,,,,,,,,,,,,,,,,,,,,,,,,,,
2025-05-27, 본촌배수지 , 복리후생비 , 석식(직원2) ," 18,000 ",," 18,000 ",,,,,,,,,,,,,,,,,,,,,,,,,,,,,
2025-05-28, 본촌배수지 , 복리후생비 , 아스팔트유제1드럼 ," 221,100 ",," 221,100 ",,,,,,,,,,,,,,,,,,,,,,,,,,,,,
2025-05-28, 본촌배수지 , 복리후생비 , 중식14명(관로) ," 146,000 ",," 146,000 ",,,,,,,,,,,,,,,,,,,,,,,,,,,,,
2025-05-29, 본촌배수지 , 복리후생비 , 배수지커피등 ," 33,900 ",," 33,900 ",,,,,,,,,,,,,,,,,,,,,,,,,,,,,
2025-05-29, 본촌배수지 , 유류대 , 현장1톤 주유 ," 58,000 ",," 58,000 ",,,,,,,,,,,,,,,,,,,,,,,,,,,,,
2025-05-29, 본촌배수지 , 복리후생비 , 철물(ㄷ핀) ," 30,000 ",," 30,000 ",,,,,,,,,,,,,,,,,,,,,,,,,,,,,
2025-05-29, 본촌배수지 , 복리후생비 , 중식8명(배수지) ," 78,000 ",," 78,000 ",,,,,,,,,,,,,,,,,,,,,,,,,,,,,
2025-05-30, 본촌배수지 , 복리후생비 , 중식(직원2) ," 16,000 ",," 16,000 ",,,,,,,,,,,,,,,,,,,,,,,,,,,,,
2025-05-30, 본촌배수지 , 복리후생비 ," 중식(장비3,인력3)-배수지 "," 42,000 ",," 42,000 ",,,,,,,,,,,,,,,,,,,,,,,,,,,,,
2025-06-02, 본촌배수지 , 복리후생비 , 비옷등 ," 45,000 ",," 45,000 ",,,,,,,,,,,,,,,,,,,,,,,,,,,,,
2025-06-04, 본촌배수지 , 유류대 , 굴삭기 기름 9048 ," 329,000 ",," 329,000 ",,,,,,,,,,,,,,,,,,,,,,,,,,,,,
2025-06-04, 본촌배수지 , 유류대 , 굴삭기요소수 9048 ," 20,000 ",," 20,000 ",,,,,,,,,,,,,,,,,,,,,,,,,,,,,
2025-06-04, 본촌배수지 , 유류대 , 굴삭기 기름 7037 ," 551,000 ",," 551,000 ",,,,,,,,,,,,,,,,,,,,,,,,,,,,,
2025-06-04, 본촌배수지 , 유류대 , 굴삭기 요소수 7037 ," 40,000 ",," 40,000 ",,,,,,,,,,,,,,,,,,,,,,,,,,,,,
2025-06-04, 본촌배수지 , 유류대 , 손오현 기름 ," 78,000 ",," 78,000 ",,,,,,,,,,,,,,,,,,,,,,,,,,,,,
2505-06-04, 본촌배수지 , 유류대 , 김재식 기름 ," 90,000 ",," 90,000 ",,,,,,,,,,,,,,,,,,,,,,,,,,,,,
2025-06-05, 본촌배수지 , 복리후생비 , b라인실정보고제본 ," 49,500 ",," 49,500 ",,,,,,,,,,,,,,,,,,,,,,,,,,,,,
2025-06-05, 본촌배수지 , 유류대 , 김우남 기름 ," 50,000 ",," 50,000 ",,,,,,,,,,,,,,,,,,,,,,,,,,,,,
2025-06-06, 본촌배수지 , 유류대 , 정의석 기름 ," 83,000 ",," 83,000 ",,,,,,,,,,,,,,,,,,,,,,,,,,,,,
2025-06-06, 본촌배수지 , 복리후생비 , 라면등 ," 28,460 ",," 28,460 ",,,,,,,,,,,,,,,,,,,,,,,,,,,,,
2025-06-06, 본촌배수지 , 복리후생비 ," a4색지,문구류등 "," 70,200 ",," 70,200 ",,,,,,,,,,,,,,,,,,,,,,,,,,,,,
2025-06-06, 본촌배수지 , 복리후생비 , 배수지열쇠 ," 6,000 ",," 6,000 ",,,,,,,,,,,,,,,,,,,,,,,,,,,,,
2025-06-06, 본촌배수지 , 유류대 , 굴삭기 기름 6575 ," 548,000 ",," 548,000 ",,,,,,,,,,,,,,,,,,,,,,,,,,,,,
2025-06-06, 본촌배수지 , 유류대 , 굴삭기요소수 6575 ," 40,000 ",," 40,000 ",,,,,,,,,,,,,,,,,,,,,,,,,,,,,
2025-06-06, 본촌배수지 , 유류대 , 굴삭기 기름 7037 ," 553,000 ",," 553,000 ",,,,,,,,,,,,,,,,,,,,,,,,,,,,,
2025-06-06, 본촌배수지 , 유류대 , 굴삭기요소수 7037 ," 20,000 ",," 20,000 ",,,,,,,,,,,,,,,,,,,,,,,,,,,,,
2025-06-06, 본촌배수지 , 유류대 , 굴삭기 기름 9048 ," 465,000 ",," 465,000 ",,,,,,,,,,,,,,,,,,,,,,,,,,,,,
2025-06-06, 본촌배수지 , 유류대 , 굴삭기요소수 9048 ," 20,000 ",," 20,000 ",,,,,,,,,,,,,,,,,,,,,,,,,,,,,
2025-06-06, 본촌배수지 , 복리후생비 ," 중식(장비4,직영2)-배수지 "," 53,000 ",," 53,000 ",,,,,,,,,,,,,,,,,,,,,,,,,,,,,
2025-06-06, 본촌배수지 , 복리후생비 , 중식(직영1)-배수지 ," 9,000 ",," 9,000 ",,,,,,,,,,,,,,,,,,,,,,,,,,,,,
2025-06-09, 본촌배수지 , 유류대 , 현장1톤차량 ," 59,000 ",," 59,000 ",,,,,,,,,,,,,,,,,,,,,,,,,,,,,
2025-06-09, 본촌배수지 , 복리후생비 , 차광망(5*10) ," 20,000 ",," 20,000 ",,,,,,,,,,,,,,,,,,,,,,,,,,,,,
2025-06-09, 본촌배수지 , 복리후생비 , 쓰레기봉투(관급)등 ," 136,500 ",," 136,500 ",,,,,,,,,,,,,,,,,,,,,,,,,,,,,
2025-06-09, 본촌배수지 , 복리후생비 , 차광망(10*20) ," 20,000 ",," 20,000 ",,,,,,,,,,,,,,,,,,,,,,,,,,,,,
2025-06-09, 본촌배수지 , 복리후생비 ," 중식(직원3,장비5,인력4)-배수지 "," 95,000 ",," 95,000 ",,,,,,,,,,,,,,,,,,,,,,,,,,,,,
2025-06-09, 본촌배수지 , 유류대 , 굴삭기 기름 7037 ," 530,000 ",," 530,000 ",,,,,,,,,,,,,,,,,,,,,,,,,,,,,
2025-06-09, 본촌배수지 , 유류대 , 굴삭기 요소수 7037 ," 40,000 ",," 40,000 ",,,,,,,,,,,,,,,,,,,,,,,,,,,,,
2025-06-09, 본촌배수지 , 유류대 , 굴삭기 기름 9048 ," 483,000 ",," 483,000 ",,,,,,,,,,,,,,,,,,,,,,,,,,,,,
2025-06-09, 본촌배수지 , 유류대 , 굴삭기 요소수 9048 ," 40,000 ",," 40,000 ",,,,,,,,,,,,,,,,,,,,,,,,,,,,,
2025-06-09, 본촌배수지 , 유류대 , 굴삭기 기름 6575 ," 352,000 ",," 352,000 ",,,,,,,,,,,,,,,,,,,,,,,,,,,,,
2025-06-09, 본촌배수지 , 유류대 , 굴삭기 요소수 6575 ," 40,000 ",," 40,000 ",,,,,,,,,,,,,,,,,,,,,,,,,,,,,
2025-06-10, 본촌배수지 , 복리후생비 , 차광망(관급자재용) ," 26,000 ",," 26,000 ",,,,,,,,,,,,,,,,,,,,,,,,,,,,,
2025-06-10, 본촌배수지 , 복리후생비 ," 중식(장비5,인력3)-배수지 "," 70,000 ",," 70,000 ",,,,,,,,,,,,,,,,,,,,,,,,,,,,,
2025-06-11, 본촌배수지 , 복리후생비 ," 커피, 라면등 "," 118,700 ",," 118,700 ",,,,,,,,,,,,,,,,,,,,,,,,,,,,,
2025-06-11, 본촌배수지 , 복리후생비 ," 근로자간식(음료,빵등) "," 46,700 ",," 46,700 ",,,,,,,,,,,,,,,,,,,,,,,,,,,,,
2025-06-11, 본촌배수지 , 복리후생비 ," 중식(장비5,인력4)-배수지 "," 90,000 ",," 90,000 ",,,,,,,,,,,,,,,,,,,,,,,,,,,,,
2025-06-11, 본촌배수지 , 복리후생비 , 중식(직원3) ," 29,000 ",," 29,000 ",,,,,,,,,,,,,,,,,,,,,,,,,,,,,
2025-06-11, 본촌배수지 , 유류대 , 굴삭기 기름 7037 ," 612,000 ",," 612,000 ",,,,,,,,,,,,,,,,,,,,,,,,,,,,,
2025-06-11, 본촌배수지 , 유류대 , 굴삭기 요소수 7037 ," 20,000 ",," 20,000 ",,,,,,,,,,,,,,,,,,,,,,,,,,,,,
2025-06-11, 본촌배수지 , 유류대 , 굴삭기 기름 9048 ," 400,000 ",," 400,000 ",,,,,,,,,,,,,,,,,,,,,,,,,,,,,
2025-06-11, 본촌배수지 , 유류대 , 굴삭기 요소수 9048 ," 40,000 ",," 40,000 ",,,,,,,,,,,,,,,,,,,,,,,,,,,,,
2025-06-11, 본촌배수지 , 유류대 , 굴삭기 기름 6575 ," 466,000 ",," 466,000 ",,,,,,,,,,,,,,,,,,,,,,,,,,,,,
2025-06-11, 본촌배수지 , 유류대 , 굴삭기 요소수 6575 ," 20,000 ",," 20,000 ",,,,,,,,,,,,,,,,,,,,,,,,,,,,,
2025-06-12, 본촌배수지 , 복리후생비 , 안전로프등(관로) ," 24,000 ",," 24,000 ",,,,,,,,,,,,,,,,,,,,,,,,,,,,,
2025-06-12, 본촌배수지 , 복리후생비 , 중식(인력4)-배수지 ," 44,000 ",," 44,000 ",,,,,,,,,,,,,,,,,,,,,,,,,,,,,
2025-06-12, 본촌배수지 , 복리후생비 , 중식(직원3) ," 28,000 ",," 28,000 ",,,,,,,,,,,,,,,,,,,,,,,,,,,,,
2025-06-12, 본촌배수지 , 유류대 , 손오현 주유 ," 75,000 ",," 75,000 ",,,,,,,,,,,,,,,,,,,,,,,,,,,,,
2025-06-12, 본촌배수지 , 복리후생비 , 차광망등(관로) ," 108,500 ",," 108,500 ",,,,,,,,,,,,,,,,,,,,,,,,,,,,,
2025-06-13, 본촌배수지 , 복리후생비 , 기성서류제본 ," 18,000 ",," 18,000 ",,,,,,,,,,,,,,,,,,,,,,,,,,,,,
2025-06-17, 본촌배수지 , 복리후생비 ," 중식(장비3,인력3)-배수지 "," 53,000 ",," 53,000 ",,,,,,,,,,,,,,,,,,,,,,,,,,,,,
2025-06-17, 본촌배수지 , 유류대 , 김재식 차량 ," 85,000 ",," 85,000 ",,,,,,,,,,,,,,,,,,,,,,,,,,,,,
2025-06-18, 본촌배수지 , 유류대 , 현장포터 차량 ," 74,000 ",," 74,000 ",,,,,,,,,,,,,,,,,,,,,,,,,,,,,
2025-06-18, 본촌배수지 , 복리후생비 ," 중식(장비4,인력4) "," 72,000 ",," 72,000 ",,,,,,,,,,,,,,,,,,,,,,,,,,,,,
2025-06-18, 본촌배수지 , 유류대 , 굴삭기 주유 7037 ," 378,000 ",," 378,000 ",,,,,,,,,,,,,,,,,,,,,,,,,,,,,
2025-06-18, 본촌배수지 , 유류대 , 요소수 7037 ," 20,000 ",," 20,000 ",,,,,,,,,,,,,,,,,,,,,,,,,,,,,
2025-06-18, 본촌배수지 , 유류대 , 굴삭기 주유 9438 ," 348,000 ",," 348,000 ",,,,,,,,,,,,,,,,,,,,,,,,,,,,,
2025-06-18, 본촌배수지 , 유류대 , 요소수 9438 ," 20,000 ",," 20,000 ",,,,,,,,,,,,,,,,,,,,,,,,,,,,,
2025-06-18, 본촌배수지 , 유류대 , 굴삭기 주유 6575 ," 370,000 ",," 370,000 ",,,,,,,,,,,,,,,,,,,,,,,,,,,,,
2025-06-18, 본촌배수지 , 유류대 , 요소수 6575 ," 20,000 ",," 20,000 ",,,,,,,,,,,,,,,,,,,,,,,,,,,,,
2025-06-19, 본촌배수지 , 복리후생비 ," 중식(장비4,인력4) "," 50,000 ",," 50,000 ",,,,,,,,,,,,,,,,,,,,,,,,,,,,,
2025-06-19, 본촌배수지 , 복리후생비 , 점검대비핀셋 ," 18,000 ",," 18,000 ",,,,,,,,,,,,,,,,,,,,,,,,,,,,,
2025-06-20, 본촌배수지 , 복리후생비 ," 중식(장비4,인력4) "," 67,000 ",," 67,000 ",,,,,,,,,,,,,,,,,,,,,,,,,,,,,
2025-06-20, 본촌배수지 , 유류대 , 굴삭기 주유 7037 ," 562,000 ",," 562,000 ",,,,,,,,,,,,,,,,,,,,,,,,,,,,,
2025-06-20, 본촌배수지 , 유류대 , 요소수 7037 ," 20,000 ",," 20,000 ",,,,,,,,,,,,,,,,,,,,,,,,,,,,,
2025-06-20, 본촌배수지 , 유류대 , 굴삭기 주유 6575 ," 269,000 ",," 269,000 ",,,,,,,,,,,,,,,,,,,,,,,,,,,,,
2025-06-20, 본촌배수지 , 유류대 , 요소수 6575 ," 20,000 ",," 20,000 ",,,,,,,,,,,,,,,,,,,,,,,,,,,,,
2025-06-23, 본촌배수지 , 복리후생비 , 중식()-관로 ," 40,000 ",," 40,000 ",,,,,,,,,,,,,,,,,,,,,,,,,,,,,
2025-06-23, 본촌배수지 , 복리후생비 ," 중식(장비1,인원1)-배수지 "," 15,000 ",," 15,000 ",,,,,,,,,,,,,,,,,,,,,,,,,,,,,
2025-06-23, 본촌배수지 , 유류대 , 김우남 기름 ," 70,000 ",," 70,000 ",,,,,,,,,,,,,,,,,,,,,,,,,,,,,
2025-06-23, 본촌배수지 , 유류대 , 김재식 차량 ," 83,000 ",," 83,000 ",,,,,,,,,,,,,,,,,,,,,,,,,,,,,
2025-06-23, 본촌배수지 , 복리후생비 , 철물(고정핀) ," 14,000 ",," 14,000 ",,,,,,,,,,,,,,,,,,,,,,,,,,,,,
2025-06-25, 본촌배수지 , 유류대 , 정의석 차량 ," 87,000 ",," 87,000 ",,,,,,,,,,,,,,,,,,,,,,,,,,,,,
2025-06-26, 본촌배수지 , 복리후생비 , 중식(정의석외6)-관로 ," 74,000 ",," 74,000 ",,,,,,,,,,,,,,,,,,,,,,,,,,,,,
2025-06-27, 본촌배수지 , 복리후생비 ," 고정핀,장갑등-배수로정비 "," 73,000 ",," 73,000 ",,,,,,,,,,,,,,,,,,,,,,,,,,,,,
2025-06-30, 본촌배수지 , 복리후생비 ," 사무용품(네임팬,마카등) "," 22,200 ",," 22,200 ",,,,,,,,,,,,,,,,,,,,,,,,,,,,,
2025-07-01, 본촌배수지 , 복리후생비 , 마대등 ," 20,000 ",," 20,000 ",,,,,,,,,,,,,,,,,,,,,,,,,,,,,
2025-07-01, 본촌배수지 , 복리후생비 ," 중식(직원1,장비1,인원3)-배수지 "," 42,000 ",," 42,000 ",,,,,,,,,,,,,,,,,,,,,,,,,,,,,
2025-07-01, 본촌배수지 , 복리후생비 , 뺀지 ," 6,600 ",," 6,600 ",,,,,,,,,,,,,,,,,,,,,,,,,,,,,
2025-07-01, 본촌배수지 , 복리후생비 , 전선(콘테이너이동) ," 74,764 ",," 74,764 ",,,,,,,,,,,,,,,,,,,,,,,,,,,,,
2025-07-01, 본촌배수지 , 유류대 , 김재싯차량 ," 90,000 ",," 90,000 ",,,,,,,,,,,,,,,,,,,,,,,,,,,,,
2025-07-02, 본촌배수지 , 유류대 , 현장1톤 포터 주유 ," 68,000 ",," 68,000 ",,,,,,,,,,,,,,,,,,,,,,,,,,,,,
2025-07-02, 본촌배수지 , 복리후생비 ," 중식(장비2,인원4)-배수지 "," 53,000 ",," 53,000 ",,,,,,,,,,,,,,,,,,,,,,,,,,,,,
2025-07-02, 본촌배수지 , 유류대 , 굴삭기10 주유 9438 ," 756,000 ",," 756,000 ",,,,,,,,,,,,,,,,,,,,,,,,,,,,,
2025-07-02, 본촌배수지 , 유류대 , 굴삭기10 요소수 ," 40,000 ",," 40,000 ",,,,,,,,,,,,,,,,,,,,,,,,,,,,,
2025-07-04, 본촌배수지 , 복리후생비 , 식염정 ," 20,000 ",," 20,000 ",,,,,,,,,,,,,,,,,,,,,,,,,,,,,
2025-07-04, 본촌배수지 , 복리후생비 , 라면등 ," 27,660 ",," 27,660 ",,,,,,,,,,,,,,,,,,,,,,,,,,,,,
2025-07-04, 본촌배수지 , 복리후생비 , 커피(건국지구대) ," 54,000 ",," 54,000 ",,,,,,,,,,,,,,,,,,,,,,,,,,,,,
2025-07-05, 본촌배수지 , 복리후생비 , 보드마카등 ," 31,700 ",," 31,700 ",,,,,,,,,,,,,,,,,,,,,,,,,,,,,
2025-07-05, 본촌배수지 , 복리후생비 ," 중식(직원3,감리1,인원2)-배수지 "," 72,000 ",," 72,000 ",,,,,,,,,,,,,,,,,,,,,,,,,,,,,
2025-07-05, 본촌배수지 , 유류대 , 굴삭기10 주유 7073 ," 546,000 ",," 546,000 ",,,,,,,,,,,,,,,,,,,,,,,,,,,,,
2025-07-05, 본촌배수지 , 유류대 , 굴삭기10 요소수 7073 ," 20,000 ",," 20,000 ",,,,,,,,,,,,,,,,,,,,,,,,,,,,,
2025-07-08, 본촌배수지 , 복리후생비 ," 중식(직원1,장비1)-관로 "," 16,000 ",," 16,000 ",,,,,,,,,,,,,,,,,,,,,,,,,,,,,
2025-07-09, 본촌배수지 , 유류대 , 김재식 주유 ," 88,000 ",," 88,000 ",,,,,,,,,,,,,,,,,,,,,,,,,,,,,
2025-07-09, 본촌배수지 , 복리후생비 ," 중식(직원1,장비1)-관로 "," 21,000 ",," 21,000 ",,,,,,,,,,,,,,,,,,,,,,,,,,,,,
2025-07-09, 본촌배수지 , 복리후생비 , 등기3건발송 ," 11,760 ",," 11,760 ",,,,,,,,,,,,,,,,,,,,,,,,,,,,,
2025-07-11, 본촌배수지 , 유류대 , 현장1톤 포터 주유 ," 61,000 ",," 61,000 ",,,,,,,,,,,,,,,,,,,,,,,,,,,,,
2025-07-14, 본촌배수지 , 복리후생비 , 고압살수기 기름 ," 22,000 ",," 22,000 ",,,,,,,,,,,,,,,,,,,,,,,,,,,,,
2025-07-14, 본촌배수지 , 복리후생비 , 석식(직원2) ," 28,000 ",," 28,000 ",,,,,,,,,,,,,,,,,,,,,,,,,,,,,
2025-07-15, 본촌배수지 , 유류대 , 김재식 주유 ," 69,000 ",," 69,000 ",,,,,,,,,,,,,,,,,,,,,,,,,,,,,
2025-07-15, 본촌배수지 , 복리후생비 ," 커피,라면등 "," 76,600 ",," 76,600 ",,,,,,,,,,,,,,,,,,,,,,,,,,,,,
2025-07-16, 본촌배수지 , 유류대 , 손오현 주유 ," 76,000 ",," 76,000 ",,,,,,,,,,,,,,,,,,,,,,,,,,,,,
2025-07-17, 본촌배수지 , 유류대 , 정의석 주유 ," 83,000 ",," 83,000 ",,,,,,,,,,,,,,,,,,,,,,,,,,,,,
2025-07-18, 본촌배수지 , 복리후생비 , 아스팔트유제(관로) ," 192,500 ",," 192,500 ",,,,,,,,,,,,,,,,,,,,,,,,,,,,,
2025-07-22, 본촌배수지 , 복리후생비 , 소금 ," 12,000 ",," 12,000 ",,,,,,,,,,,,,,,,,,,,,,,,,,,,,
2025-07-22, 본촌배수지 , 유류대 , 굴삭기 7037주유 ," 599,000 ",," 599,000 ",,,,,,,,,,,,,,,,,,,,,,,,,,,,,
2025-07-22, 본촌배수지 , 유류대 , 굴삭기요소수 ," 20,000 ",," 20,000 ",,,,,,,,,,,,,,,,,,,,,,,,,,,,,
2025-07-22, 본촌배수지 , 복리후생비 ," 중식(장비2,인원4)-배수지 "," 60,000 ",," 60,000 ",,,,,,,,,,,,,,,,,,,,,,,,,,,,,
2025-07-22, 본촌배수지 , 복리후생비 ," 라면,쓰레기봉투등 "," 59,930 ",," 59,930 ",,,,,,,,,,,,,,,,,,,,,,,,,,,,,
2025-07-23, 본촌배수지 , 복리후생비 ," 중식(장비4,인원8)-관로 "," 104,000 ",," 104,000 ",,,,,,,,,,,,,,,,,,,,,,,,,,,,,
2025-07-23, 본촌배수지 , 유류대 , 현장1톤 주유 ," 70,000 ",," 70,000 ",,,,,,,,,,,,,,,,,,,,,,,,,,,,,
2025-07-23, 본촌배수지 , 유류대 , 굴삭기7037 주유 ," 455,000 ",," 455,000 ",,,,,,,,,,,,,,,,,,,,,,,,,,,,,
2025-07-23, 본촌배수지 , 유류대 , 굴삭기 요소수 ," 40,000 ",," 40,000 ",,,,,,,,,,,,,,,,,,,,,,,,,,,,,
2025-07-24, 본촌배수지 , 복리후생비 ," 중식(관로4,장비1,신호1)-관로 "," 48,000 ",," 48,000 ",,,,,,,,,,,,,,,,,,,,,,,,,,,,,
2025-07-24, 본촌배수지 , 복리후생비 , 중식(덤프2)-관로 ," 16,000 ",," 16,000 ",,,,,,,,,,,,,,,,,,,,,,,,,,,,,
2025-07-24, 본촌배수지 , 복리후생비 ," 중식(신호1,인원1)-관로 "," 16,000 ",," 16,000 ",,,,,,,,,,,,,,,,,,,,,,,,,,,,,
2025-07-24, 본촌배수지 , 복리후생비 ," 중식(직원1,포장6,신호,1인원1)-관로 "," 72,000 ",," 72,000 ",,,,,,,,,,,,,,,,,,,,,,,,,,,,,
2025-07-24, 본촌배수지 , 복리후생비 , 생수등 ," 30,800 ",," 30,800 ",,,,,,,,,,,,,,,,,,,,,,,,,,,,,
2025-07-25, 본촌배수지 , 복리후생비 , 중식(관로5)-관로 ," 49,000 ",," 49,000 ",,,,,,,,,,,,,,,,,,,,,,,,,,,,,
2025-07-25, 본촌배수지 , 복리후생비 ," 중식(직원1,포장6,신호2)-관로 "," 80,000 ",," 80,000 ",,,,,,,,,,,,,,,,,,,,,,,,,,,,,
2025-07-25, 본촌배수지 , 복리후생비 , 생수등 ," 29,400 ",," 29,400 ",,,,,,,,,,,,,,,,,,,,,,,,,,,,,
2025-07-25, 본촌배수지 , 유류대 , 정의석 주유 ," 82,000 ",," 82,000 ",,,,,,,,,,,,,,,,,,,,,,,,,,,,,
2025-07-28, 본촌배수지 , 복리후생비 , 차광망-자재및골재 ," 35,200 ",," 35,200 ",,,,,,,,,,,,,,,,,,,,,,,,,,,,,
2025-07-28, 본촌배수지 , 유류대 , 굴삭기7037 주유 ," 480,000 ",," 480,000 ",,,,,,,,,,,,,,,,,,,,,,,,,,,,,
2025-07-28, 본촌배수지 , 유류대 , 굴삭기 요소수 ," 20,000 ",," 20,000 ",,,,,,,,,,,,,,,,,,,,,,,,,,,,,
2025-07-31, 본촌배수지 , 복리후생비 , 중식(직원2) ," 22,000 ",," 22,000 ",,,,,,,,,,,,,,,,,,,,,,,,,,,,,
2025-07-31, 본촌배수지 , 유류대 , 정의석 주유비 ," 91,000 ",," 91,000 ",,,,,,,,,,,,,,,,,,,,,,,,,,,,,
2025-07-31, 본촌배수지 , 복리후생비 , 석식(직원3) ," 24,000 ",," 24,000 ",,,,,,,,,,,,,,,,,,,,,,,,,,,,,
2025-08-01, 본촌배수지 , 복리후생비 , 중식(직원3) ," 32,000 ",," 32,000 ",,,,,,,,,,,,,,,,,,,,,,,,,,,,,
2025-08-01, 본촌배수지 , 복리후생비 , 몽키렌치(화장실수리) ," 33,000 ",," 33,000 ",,,,,,,,,,,,,,,,,,,,,,,,,,,,,
2025-08-04, 본촌배수지 , 복리후생비 , 중식(직원2) ," 16,000 ",," 16,000 ",,,,,,,,,,,,,,,,,,,,,,,,,,,,,
2025-08-07, 본촌배수지 , 유류대 , 김우남 주유 ," 76,000 ",," 76,000 ",,,,,,,,,,,,,,,,,,,,,,,,,,,,,
2025-08-08, 본촌배수지 , 복리후생비 , 우편발송(3개사) ," 11,760 ",," 11,760 ",,,,,,,,,,,,,,,,,,,,,,,,,,,,,
2025-08-08, 본촌배수지 , 복리후생비 , 청소도구등(남평) ," 41,380 ",," 41,380 ",,,,,,,,,,,,,,,,,,,,,,,,,,,,,
2025-08-08, 본촌배수지 , 복리후생비 , 음료(남평) ," 7,500 ",," 7,500 ",,,,,,,,,,,,,,,,,,,,,,,,,,,,,
2025-08-11, 본촌배수지 , 복리후생비 , 점심(정의석) ," 9,000 ",," 9,000 ",,,,,,,,,,,,,,,,,,,,,,,,,,,,,
2025-08-11, 본촌배수지 , 유류대 , 손오현주유 ," 71,000 ",," 71,000 ",,,,,,,,,,,,,,,,,,,,,,,,,,,,,
2025-08-11, 본촌배수지 , 유류대 , 정의석주유 ," 84,000 ",," 84,000 ",,,,,,,,,,,,,,,,,,,,,,,,,,,,,
2025-08-12, 본촌배수지 , 차량수리비 , 현장포터 정기검사비 ," 60,000 ",," 60,000 ",,,,,,,,,,,,,,,,,,,,,,,,,,,,,
2025-08-12, 본촌배수지 , 차량수리비 , 현장포터 마후라교체 ," 207,000 ",," 207,000 ",,,,,,,,,,,,,,,,,,,,,,,,,,,,,
2025-08-13, 본촌배수지 , 복리후생비 , 우편발송(홍진) ," 3,920 ",," 3,920 ",,,,,,,,,,,,,,,,,,,,,,,,,,,,,
2025-08-21, 본촌배수지 , 유류대 , 손오현주유 ," 78,000 ",," 78,000 ",,,,,,,,,,,,,,,,,,,,,,,,,,,,,
2025-08-21, 본촌배수지 , 복리후생비 , 우편(구일디케이) ," 8,320 ",," 8,320 ",,,,,,,,,,,,,,,,,,,,,,,,,,,,,
2025-08-27, 본촌배수지 , 복리후생비 , 아스팔트유제(관로보수) ," 28,600 ",," 28,600 ",,,,,,,,,,,,,,,,,,,,,,,,,,,,,
2025-09-08, 본촌배수지 , 유류대 , 손오현주유 ," 74,000 ",," 74,000 ",,,,,,,,,,,,,,,,,,,,,,,,,,,,,
2025-09-17, 본촌배수지 , 복리후생비 , 기성서류제본 ," 22,000 ",," 22,000 ",,,,,,,,,,,,,,,,,,,,,,,,,,,,,
2025-09-17, 본촌배수지 , 복리후생비 ," 우편발송(구일,디케이) "," 4,040 ",," 4,040 ",,,,,,,,,,,,,,,,,,,,,,,,,,,,,
2025-09-22, 본촌배수지 , 유류대 , 손오현주유 ," 78,000 ",," 78,000 ",,,,,,,,,,,,,,,,,,,,,,,,,,,,,
2025-09-24, 본촌배수지 , 복리후생비 , 조식 ," 23,000 ",," 23,000 ",,,,,,,,,,,,,,,,,,,,,,,,,,,,,
2025-09-25, 본촌배수지 , 유류대 , 정의석주유 ," 84,000 ",," 84,000 ",,,,,,,,,,,,,,,,,,,,,,,,,,,,,
2025-09-26, 본촌배수지 , 복리후생비 ," 등기(구일,디케이) "," 7,840 ",," 7,840 ",,,,,,,,,,,,,,,,,,,,,,,,,,,,,
2025-09-29, 본촌배수지 , 복리후생비 , 조식 ," 19,900 ",," 19,900 ",,,,,,,,,,,,,,,,,,,,,,,,,,,,,
2025-09-30, 본촌배수지 , 복리후생비 ," 중식(직원4,구일1,장비2,인원1) "," 74,000 ",," 74,000 ",,,,,,,,,,,,,,,,,,,,,,,,,,,,,
2025-09-30, 본촌배수지 , 유류대 , 굴삭기 주유 9438 ," 713,000 ",," 713,000 ",,,,,,,,,,,,,,,,,,,,,,,,,,,,,
2025-09-30, 본촌배수지 , 유류대 , 굴삭기 요소수 9438 ," 20,000 ",," 20,000 ",,,,,,,,,,,,,,,,,,,,,,,,,,,,,
2025-09-30, 본촌배수지 , 유류대 , 굴삭기 주유 7037 ," 20,000 ",," 20,000 ",,,,,,,,,,,,,,,,,,,,,,,,,,,,,
2025-09-30, 본촌배수지 , 유류대 , 굴삭기 요소수 7037 ," 626,000 ",," 626,000 ",,,,,,,,,,,,,,,,,,,,,,,,,,,,,
2025-10-01, 본촌배수지 , 복리후생비 , 조식 ," 15,900 ",," 15,900 ",,,,,,,,,,,,,,,,,,,,,,,,,,,,,
2025-10-01, 본촌배수지 , 유류대 , 굴삭기 주유 9438 ," 176,000 ",," 176,000 ",,,,,,,,,,,,,,,,,,,,,,,,,,,,,
2025-10-01, 본촌배수지 , 유류대 , 굴삭기 요소수 9438 ," 20,000 ",," 20,000 ",,,,,,,,,,,,,,,,,,,,,,,,,,,,,
2025-10-01, 본촌배수지 , 유류대 , 굴삭기 주유 7037 ," 281,000 ",," 281,000 ",,,,,,,,,,,,,,,,,,,,,,,,,,,,,
2025-10-01, 본촌배수지 , 유류대 , 굴삭기 요소수 7037 ," 20,000 ",," 20,000 ",,,,,,,,,,,,,,,,,,,,,,,,,,,,,
2025-10-02, 본촌배수지 , 복리후생비 , 주차비 ," 1,500 ",," 1,500 ",,,,,,,,,,,,,,,,,,,,,,,,,,,,,
2025-10-02, 본촌배수지 , 복리후생비 , 안전a형 휀스등 ," 50,000 ",," 50,000 ",,,,,,,,,,,,,,,,,,,,,,,,,,,,,
2025-10-02, 본촌배수지 , 복리후생비 ," 안전서류철(바인더,코팅등) "," 131,000 ",," 131,000 ",,,,,,,,,,,,,,,,,,,,,,,,,,,,,
2025-10-02, 본촌배수지 , 복리후생비 ," 중식(직원4,장비2,인원1) "," 70,000 ",," 70,000 ",,,,,,,,,,,,,,,,,,,,,,,,,,,,,
2025-10-02, 본촌배수지 , 유류대 , 품질차량 ," 88,000 ",," 88,000 ",,,,,,,,,,,,,,,,,,,,,,,,,,,,,
2025-10-02, 본촌배수지 , 유류대 , 정의석차량 ," 57,000 ",," 57,000 ",,,,,,,,,,,,,,,,,,,,,,,,,,,,,
2025-10-10, 본촌배수지 , 유류대 , 굴삭기 주유 9438 ," 323,000 ",," 323,000 ",,,,,,,,,,,,,,,,,,,,,,,,,,,,,
2025-10-10, 본촌배수지 , 유류대 , 굴삭기 주유 7037 ," 261,000 ",," 261,000 ",,,,,,,,,,,,,,,,,,,,,,,,,,,,,
2025-10-10, 본촌배수지 , 유류대 , 굴삭기 주유 8994 ," 182,000 ",," 182,000 ",,,,,,,,,,,,,,,,,,,,,,,,,,,,,
2025-10-10, 본촌배수지 , 유류대 , 굴삭기 요소수 3대 ," 60,000 ",," 60,000 ",,,,,,,,,,,,,,,,,,,,,,,,,,,,,
2025-10-10, 본촌배수지 , 유류대 , 윤철종주유(안전) ," 55,434 ",," 55,434 ",,,,,,,,,,,,,,,,,,,,,,,,,,,,,
2025-10-13, 본촌배수지 , 복리후생비 , 식권(50장-관로팀) ," 400,000 ",," 400,000 ",,,,,,,,,,,,,,,,,,,,,,,,,,,,,
2025-10-13, 본촌배수지 , 유류대 , 정의석주유 ," 84,000 ",," 84,000 ",,,,,,,,,,,,,,,,,,,,,,,,,,,,,
2025-10-13, 본촌배수지 , 복리후생비 , 철물(철선#10)1롤 ," 18,000 ",," 18,000 ",,,,,,,,,,,,,,,,,,,,,,,,,,,,,
2025-10-15, 본촌배수지 , 복리후생비 , 조식 ," 22,400 ",," 22,400 ",,,,,,,,,,,,,,,,,,,,,,,,,,,,,
2025-10-15, 본촌배수지 , 복리후생비 , 철물(꼬치대등)-측량 ," 50,500 ",," 50,500 ",,,,,,,,,,,,,,,,,,,,,,,,,,,,,
2025-10-17, 본촌배수지 , 복리후생비 , 식권(50장-관로팀) ," 400,000 ",," 400,000 ",,,,,,,,,,,,,,,,,,,,,,,,,,,,,
2025-10-17, 본촌배수지 , 유류대 , 굴삭기 주유 9438 ," 450,000 ",," 450,000 ",,,,,,,,,,,,,,,,,,,,,,,,,,,,,
2025-10-17, 본촌배수지 , 유류대 , 굴삭기 주유 7037 ," 581,000 ",," 581,000 ",,,,,,,,,,,,,,,,,,,,,,,,,,,,,
2025-10-17, 본촌배수지 , 유류대 , 굴삭기 주유 8994 ," 418,000 ",," 418,000 ",,,,,,,,,,,,,,,,,,,,,,,,,,,,,
2025-10-17, 본촌배수지 , 유류대 , 굴삭기 요소수 3대 ," 100,000 ",," 100,000 ",,,,,,,,,,,,,,,,,,,,,,,,,,,,,
2025-10-19, 본촌배수지 , 복리후생비 ," 중식(장비4,인원2)-배수지 "," 79,500 ",," 79,500 ",,,,,,,,,,,,,,,,,,,,,,,,,,,,,
2025-10-20, 본촌배수지 , 복리후생비 ," 우편발송(구일,디케이) "," 8,200 ",," 8,200 ",,,,,,,,,,,,,,,,,,,,,,,,,,,,,
2025-10-20, 본촌배수지 , 복리후생비 ," 석식(직원7,감리4) "," 83,660 ",," 83,660 ",,,,,,,,,,,,,,,,,,,,,,,,,,,,,
2025-10-20, 본촌배수지 , 유류대 , 굴삭기 주유 9438 ," 446,000 ",," 446,000 ",,,,,,,,,,,,,,,,,,,,,,,,,,,,,
2025-10-20, 본촌배수지 , 유류대 , 굴삭기 주유 7037 ," 520,000 ",," 520,000 ",,,,,,,,,,,,,,,,,,,,,,,,,,,,,
2025-10-20, 본촌배수지 , 유류대 , 굴삭기 주유 8994 ," 424,000 ",," 424,000 ",,,,,,,,,,,,,,,,,,,,,,,,,,,,,
2025-10-20, 본촌배수지 , 유류대 , 굴삭기 요소수 3대 ," 80,000 ",," 80,000 ",,,,,,,,,,,,,,,,,,,,,,,,,,,,,
2025-10-21, 본촌배수지 , 복리후생비 , 중식(직원5) ," 51,000 ",," 51,000 ",,,,,,,,,,,,,,,,,,,,,,,,,,,,,
2025-10-22, 본촌배수지 , 유류대 , 굴삭기 주유 9438 ," 490,000 ",," 490,000 ",,,,,,,,,,,,,,,,,,,,,,,,,,,,,
2025-10-22, 본촌배수지 , 유류대 , 굴삭기 주유 7037 ," 454,000 ",," 454,000 ",,,,,,,,,,,,,,,,,,,,,,,,,,,,,
2025-10-22, 본촌배수지 , 유류대 , 굴삭기 주유 8994 ," 471,000 ",," 471,000 ",,,,,,,,,,,,,,,,,,,,,,,,,,,,,
2025-10-22, 본촌배수지 , 유류대 , 굴삭기 요소수 3대 ," 80,000 ",," 80,000 ",,,,,,,,,,,,,,,,,,,,,,,,,,,,,
2025-10-22, 본촌배수지 , 복리후생비 ," 중식(장비4,인원5)-배수지10/21 "," 84,000 ",," 84,000 ",,,,,,,,,,,,,,,,,,,,,,,,,,,,,
2025-10-22, 본촌배수지 , 유류대 , 윤철종주유(안전) ," 62,754 ",," 62,754 ",,,,,,,,,,,,,,,,,,,,,,,,,,,,,
2025-10-22, 본촌배수지 , 유류대 , 정의석주유 ," 50,000 ",," 50,000 ",,,,,,,,,,,,,,,,,,,,,,,,,,,,,
2025-10-22, 본촌배수지 , 유류대 , 손오현주유 ," 70,000 ",," 70,000 ",,,,,,,,,,,,,,,,,,,,,,,,,,,,,
2025-10-23, 본촌배수지 , 복리후생비 ," 중식(장비4,인원3)-배수지10/22 "," 79,000 ",," 79,000 ",,,,,,,,,,,,,,,,,,,,,,,,,,,,,
2025-10-23, 본촌배수지 , 복리후생비 , 관로팀식권(50장) ," 400,000 ",," 400,000 ",,,,,,,,,,,,,,,,,,,,,,,,,,,,,
2025-10-24, 본촌배수지 , 복리후생비 ," 중식(장비4,인원2)-배수지10/23 "," 52,000 ",," 52,000 ",,,,,,,,,,,,,,,,,,,,,,,,,,,,,
2025-10-24, 본촌배수지 , 복리후생비 ," 중식(장비3,인원1)-배수지10/24 "," 36,000 ",," 36,000 ",,,,,,,,,,,,,,,,,,,,,,,,,,,,,
2025-10-25, 본촌배수지 , 복리후생비 ," 중식(장비4,인원3)-배수지 "," 79,000 ",," 79,000 ",,,,,,,,,,,,,,,,,,,,,,,,,,,,,
2025-10-27, 본촌배수지 , 유류대 , 굴삭기 주유 9438 ," 317,000 ",," 317,000 ",,,,,,,,,,,,,,,,,,,,,,,,,,,,,
2025-10-27, 본촌배수지 , 유류대 , 굴삭기 주유 7037 ," 248,000 ",," 248,000 ",,,,,,,,,,,,,,,,,,,,,,,,,,,,,
2025-10-27, 본촌배수지 , 유류대 , 굴삭기 주유 8994 ," 368,000 ",," 368,000 ",,,,,,,,,,,,,,,,,,,,,,,,,,,,,
2025-10-27, 본촌배수지 , 유류대 , 굴삭기 요소수 3대 ," 80,000 ",," 80,000 ",,,,,,,,,,,,,,,,,,,,,,,,,,,,,
2025-10-27, 본촌배수지 , 복리후생비 ," 중식(직원5,장비4,인원1)-배수지 "," 90,000 ",," 90,000 ",,,,,,,,,,,,,,,,,,,,,,,,,,,,,
2025-10-28, 본촌배수지 , 복리후생비 ," 중식(장비3,인원1)-배수지 "," 40,000 ",," 40,000 ",,,,,,,,,,,,,,,,,,,,,,,,,,,,,
2025-10-30, 본촌배수지 , 유류대 , 굴삭기 주유 9438 ," 373,000 ",," 373,000 ",,,,,,,,,,,,,,,,,,,,,,,,,,,,,
2025-10-30, 본촌배수지 , 유류대 , 손오현주유 ," 81,000 ",," 81,000 ",,,,,,,,,,,,,,,,,,,,,,,,,,,,,
2025-10-31, 본촌배수지 , 복리후생비 ," 변경수량산출서,도면 제본(6권) "," 75,000 ",," 75,000 ",,,,,,,,,,,,,,,,,,,,,,,,,,,,,
2025-11-01, 본촌배수지 , 복리후생비 ," 중식(직원1,장비4,인원3)-배수지 "," 88,000 ",," 88,000 ",,,,,,,,,,,,,,,,,,,,,,,,,,,,,
2025-11-01, 본촌배수지 , 복리후생비 ," 중식(장비3,인원1)-배수지 "," 40,000 ",," 40,000 ",,,,,,,,,,,,,,,,,,,,,,,,,,,,,
2025-11-03, 본촌배수지 , 복리후생비 , 복사센터 ," 33,000 ",," 33,000 ",,,,,,,,,,,,,,,,,,,,,,,,,,,,,
2025-11-03, 본촌배수지 , 복리후생비 , 중식(직원4) ," 35,000 ",," 35,000 ",,,,,,,,,,,,,,,,,,,,,,,,,,,,,
2025-11-04, 본촌배수지 , 복리후생비 , 알파문구 ," 12,000 ",," 12,000 ",,,,,,,,,,,,,,,,,,,,,,,,,,,,,
2025-11-04, 본촌배수지 , 복리후생비 ," 망치,못,장갑등 "," 46,500 ",," 46,500 ",,,,,,,,,,,,,,,,,,,,,,,,,,,,,
2025-11-04, 본촌배수지 , 복리후생비 , 컴포즈음료(지구대) ," 72,000 ",," 72,000 ",,,,,,,,,,,,,,,,,,,,,,,,,,,,,
2025-11-04, 본촌배수지 , 복리후생비 , 마트(양푼이) ," 6,600 ",," 6,600 ",,,,,,,,,,,,,,,,,,,,,,,,,,,,,
2025-11-05, 본촌배수지 , 복리후생비 , 라면등 ," 33,860 ",," 33,860 ",,,,,,,,,,,,,,,,,,,,,,,,,,,,,
2025-11-05, 본촌배수지 , 유류대 , 굴삭기 주유 9438 11/3꺼 ," 584,000 ",," 584,000 ",11/3,,,,,,,,,,,,,,,,,,,,,,,,,,,,
2025-11-05, 본촌배수지 , 유류대 , 굴삭기 주유 7037 11/3꺼 ," 476,000 ",," 476,000 ",11/3,,,,,,,,,,,,,,,,,,,,,,,,,,,,
2025-11-05, 본촌배수지 , 유류대 , 굴삭기 주유 8994 11/3꺼 ," 581,000 ",," 581,000 ",11/3,,,,,,,,,,,,,,,,,,,,,,,,,,,,
2025-11-05, 본촌배수지 , 유류대 , 굴삭기 요소수 3대 11/3꺼 ," 60,000 ",," 60,000 ",11/3,,,,,,,,,,,,,,,,,,,,,,,,,,,,
2025-11-05, 본촌배수지 , 유류대 , 굴삭기 주유 9438 ," 560,000 ",," 560,000 ",,,,,,,,,,,,,,,,,,,,,,,,,,,,,
2025-11-05, 본촌배수지 , 유류대 , 굴삭기 주유 7037 ," 657,000 ",," 657,000 ",,,,,,,,,,,,,,,,,,,,,,,,,,,,,
2025-11-05, 본촌배수지 , 유류대 , 굴삭기 주유 8994 ," 479,000 ",," 479,000 ",,,,,,,,,,,,,,,,,,,,,,,,,,,,,
2025-11-05, 본촌배수지 , 유류대 , 굴삭기 요소수 3대 ," 100,000 ",," 100,000 ",,,,,,,,,,,,,,,,,,,,,,,,,,,,,
2025-11-06, 본촌배수지 , 복리후생비 , 유제2드럼 ," 385,000 ",," 385,000 ",,,,,,,,,,,,,,,,,,,,,,,,,,,,,
2025-11-06, 본촌배수지 , 복리후생비 , 관로식권(50장) ," 400,000 ",," 400,000 ",,,,,,,,,,,,,,,,,,,,,,,,,,,,,
2025-11-07, 본촌배수지 , 복리후생비 , 도장등 ," 45,000 ",," 45,000 ",,,,,,,,,,,,,,,,,,,,,,,,,,,,,
2025-11-08, 본촌배수지 , 복리후생비 , 핀 ," 4,000 ",," 4,000 ",,,,,,,,,,,,,,,,,,,,,,,,,,,,,
2025-11-08, 본촌배수지 , 유류대 , 손오현주유 ," 73,000 ",," 73,000 ",,,,,,,,,,,,,,,,,,,,,,,,,,,,,
2025-11-08, 본촌배수지 , 복리후생비 ," 중식(직원4,감리1) "," 73,500 ",," 73,500 ",,,,,,,,,,,,,,,,,,,,,,,,,,,,,
2025-11-10, 본촌배수지 , 유류대 , 윤철종주유(안전) ," 51,037 ",," 51,037 ",,,,,,,,,,,,,,,,,,,,,,,,,,,,,
2025-11-10, 본촌배수지 , 복리후생비 ," 컵라면,종이컵등 "," 24,480 ",," 24,480 ",,,,,,,,,,,,,,,,,,,,,,,,,,,,,
2025-11-10, 본촌배수지 , 복리후생비 , 김수빈컴퓨터구입 ," 2,075,000 ",," 2,075,000 ",,,,,,,,,,,,,,,,,,,,,,,,,,,,,
2025-11-11, 본촌배수지 , 복리후생비 , 관로식권(50장) ," 400,000 ",," 400,000 ",,,,,,,,,,,,,,,,,,,,,,,,,,,,,
2025-11-12, 본촌배수지 , 복리후생비 ," 커피,라면등 "," 58,600 ",," 58,600 ",,,,,,,,,,,,,,,,,,,,,,,,,,,,,
2025-11-12, 본촌배수지 , 유류대 , 굴삭기 주유 9438 ," 496,000 ",," 496,000 ",,,,,,,,,,,,,,,,,,,,,,,,,,,,,
2025-11-12, 본촌배수지 , 유류대 , 굴삭기 주유 7037 ," 498,000 ",," 498,000 ",,,,,,,,,,,,,,,,,,,,,,,,,,,,,
2025-11-12, 본촌배수지 , 유류대 , 굴삭기 주유 8994 ," 457,000 ",," 457,000 ",,,,,,,,,,,,,,,,,,,,,,,,,,,,,
2025-11-12, 본촌배수지 , 유류대 , 굴삭기 요소수 3대 ," 80,000 ",," 80,000 ",,,,,,,,,,,,,,,,,,,,,,,,,,,,,
2025-11-12, 본촌배수지 , 유류대 , 박재남주유 ," 95,000 ",," 95,000 ",,,,,,,,,,,,,,,,,,,,,,,,,,,,,
2025-11-14, 본촌배수지 , 복리후생비 , 천막(배수지 임시침사지) ," 32,000 ",," 32,000 ",,,,,,,,,,,,,,,,,,,,,,,,,,,,,
2025-11-14, 본촌배수지 , 복리후생비 ," 중식(장비4,인원3)-11/12 "," 83,000 ",," 83,000 ",,,,,,,,,,,,,,,,,,,,,,,,,,,,,
2025-11-14, 본촌배수지 , 복리후생비 ," 중식(장비3,인원2) "," 50,000 ",," 50,000 ",,,,,,,,,,,,,,,,,,,,,,,,,,,,,
2025-11-15, 본촌배수지 , 유류대 , 현장포터주유 ," 93,000 ",," 93,000 ",,,,,,,,,,,,,,,,,,,,,,,,,,,,,
2025-11-15, 본촌배수지 , 유류대 , 굴삭기 주유 9438 ," 508,000 ",," 508,000 ",,,,,,,,,,,,,,,,,,,,,,,,,,,,,
2025-11-15, 본촌배수지 , 복리후생비 ," 중식(장비3,인원3) "," 54,000 ",," 54,000 ",,,,,,,,,,,,,,,,,,,,,,,,,,,,,
2025-11-18, 본촌배수지 , 복리후생비 , 택배(관자재) ," 132,000 ",," 132,000 ",,,,,,,,,,,,,,,,,,,,,,,,,,,,,
2025-11-18, 본촌배수지 , 유류대 , 굴삭기 주유 8994 ," 456,000 ",," 456,000 ",,,,,,,,,,,,,,,,,,,,,,,,,,,,,
2025-11-18, 본촌배수지 , 유류대 , 굴삭기 요소수 2대 ," 60,000 ",," 60,000 ",,,,,,,,,,,,,,,,,,,,,,,,,,,,,
2025-11-19, 본촌배수지 , 유류대 , 박재남주유 ," 80,000 ",," 80,000 ",,,,,,,,,,,,,,,,,,,,,,,,,,,,,
2025-11-20, 본촌배수지 , 복리후생비 , 관로팀식권(50장) ," 400,000 ",," 400,000 ",,,,,,,,,,,,,,,,,,,,,,,,,,,,,
2025-11-20, 본촌배수지 , 유류대 , 손오현기름 ," 90,000 ",," 90,000 ",,,,,,,,,,,,,,,,,,,,,,,,,,,,,
2025-11-20, 본촌배수지 , 유류대 , 윤철종기름 ," 58,663 ",," 58,663 ",,,,,,,,,,,,,,,,,,,,,,,,,,,,,
2025-11-21, 본촌배수지 , 복리후생비 ," 중식(장비1,인원2)-배수지11/20 "," 30,000 ",," 30,000 ",,,,,,,,,,,,,,,,,,,,,,,,,,,,,
2025-11-21, 본촌배수지 , 복리후생비 ," 중식(장비2,인원3)-배수지 "," 55,000 ",," 55,000 ",,,,,,,,,,,,,,,,,,,,,,,,,,,,,
2025-11-21, 본촌배수지 , 복리후생비 , 기성서류제본 ," 18,000 ",," 18,000 ",,,,,,,,,,,,,,,,,,,,,,,,,,,,,
2025-11-21, 본촌배수지 , 복리후생비 ," 간식(빵,음료등) "," 38,000 ",," 38,000 ",,,,,,,,,,,,,,,,,,,,,,,,,,,,,
2025-11-21, 본촌배수지 , 유류대 , 현장포터 ," 73,000 ",," 73,000 ",,,,,,,,,,,,,,,,,,,,,,,,,,,,,
2025-11-24, 본촌배수지 , 복리후생비 , 간식 ," 4,000 ",," 4,000 ",,,,,,,,,,,,,,,,,,,,,,,,,,,,,
2025-11-24, 본촌배수지 , 유류대 , 박재남주유 ," 86,000 ",," 86,000 ",,,,,,,,,,,,,,,,,,,,,,,,,,,,,
2025-11-25, 본촌배수지 , 유류대 , 굴삭기 주유 8994(11/18분) ," 463,000 ",," 463,000 ",,,,,,,,,,,,,,,,,,,,,,,,,,,,,
2025-11-27, 본촌배수지 , 복리후생비 , 중식(인원2)배수지 ," 20,000 ",," 20,000 ",,,,,,,,,,,,,,,,,,,,,,,,,,,,,
2025-11-27, 본촌배수지 , 복리후생비 , 중식(직원3) ," 24,000 ",," 24,000 ",,,,,,,,,,,,,,,,,,,,,,,,,,,,,
2025-11-27, 본촌배수지 , 복리후생비 , 현수막8개(신규구간)-관로 ," 220,000 ",," 220,000 ",,,,,,,,,,,,,,,,,,,,,,,,,,,,,
2025-11-28, 본촌배수지 , 복리후생비 , 중식(직원5) ," 50,000 ",," 50,000 ",,,,,,,,,,,,,,,,,,,,,,,,,,,,,
2025-11-28, 본촌배수지 , 유류대 , 윤철종 주유 ," 50,841 ",," 50,841 ",,,,,,,,,,,,,,,,,,,,,,,,,,,,,
2025-11-28, 본촌배수지 , 유류대 , 현장포터 ," 72,000 ",," 72,000 ",,,,,,,,,,,,,,,,,,,,,,,,,,,,,
2025-11-29, 본촌배수지 , 유류대 , 박재남 주유 ," 86,000 ",," 86,000 ",,,,,,,,,,,,,,,,,,,,,,,,,,,,,
2025-12-01, 본촌배수지 , 복리후생비 , 관로(식권50장) ," 400,000 ",," 400,000 ",,,,,,,,,,,,,,,,,,,,,,,,,,,,,
2025-12-01, 본촌배수지 , 복리후생비 , 관로(식권20장) ," 160,000 ",," 160,000 ",,,,,,,,,,,,,,,,,,,,,,,,,,,,,
2025-12-02, 본촌배수지 , 유류대 , 현장1톤포터 ," 78,000 ",," 78,000 ",,,,,,,,,,,,,,,,,,,,,,,,,,,,,
2025-12-03, 본촌배수지 , 차량수리비 , 손오현정비(오일등) ," 97,000 ",," 97,000 ",,,,,,,,,,,,,,,,,,,,,,,,,,,,,
2025-12-03, 본촌배수지 , 복리후생비 ," 석식(박이사,박부장,감리 나상무) "," 29,000 ",," 29,000 ",,,,,,,,,,,,,,,,,,,,,,,,,,,,,
2025-12-03, 본촌배수지 , 복리후생비 ," 석식(박이사,박부장,감리 나상무) "," 108,900 ",," 108,900 ",,,,,,,,,,,,,,,,,,,,,,,,,,,,,
2025-12-04, 본촌배수지 , 유류대 , 박재남주유 ," 93,000 ",," 93,000 ",,,,,,,,,,,,,,,,,,,,,,,,,,,,,
2025-12-05, 본촌배수지 , 복리후생비 , 관로(식권100장) ," 800,000 ",," 800,000 ",,,,,,,,,,,,,,,,,,,,,,,,,,,,,
2025-12-09, 본촌배수지 , 유류대 , 현장포터 ," 30,000 ",," 30,000 ",,,,,,,,,,,,,,,,,,,,,,,,,,,,,
2025-12-09, 본촌배수지 , 유류대 , 손오현 주유 ," 83,000 ",," 83,000 ",,,,,,,,,,,,,,,,,,,,,,,,,,,,,
2025-12-10, 본촌배수지 , 유류대 , 박재남주유 ," 98,707 ",," 98,707 ",,,,,,,,,,,,,,,,,,,,,,,,,,,,,
2025-12-10, 본촌배수지 , 복리후생비 , 관로보호철판 ," 385,000 ",," 385,000 ",,,,,,,,,,,,,,,,,,,,,,,,,,,,,
2025-12-11, 본촌배수지 , 복리후생비 , a4용지(5box) ," 132,500 ",," 132,500 ",,,,,,,,,,,,,,,,,,,,,,,,,,,,,
2025-12-11, 본촌배수지 , 복리후생비 ," 박재남(타이어교체,오일등) "," 750,000 ",," 750,000 ",,,,,,,,,,,,,,,,,,,,,,,,,,,,,
2025-12-12, 본촌배수지 , 복리후생비 , 관로식권(100장) ," 800,000 ",," 800,000 ",,,,,,,,,,,,,,,,,,,,,,,,,,,,,
2025-12-12, 본촌배수지 , 복리후생비 ," 중식(박재남,나상무)발주처 "," 32,000 ",," 32,000 ",,,,,,,,,,,,,,,,,,,,,,,,,,,,,
2025-12-12, 본촌배수지 , 유류대 , 윤철중 주유 ," 63,638 ",," 63,638 ",,,,,,,,,,,,,,,,,,,,,,,,,,,,,
2025-12-12, 본촌배수지 , 복리후생비 , 등기(구일) ," 4,040 ",," 4,040 ",,,,,,,,,,,,,,,,,,,,,,,,,,,,,
2025-12-12, 본촌배수지 , 복리후생비 , 라면등 ," 29,880 ",," 29,880 ",,,,,,,,,,,,,,,,,,,,,,,,,,,,,
2025-12-13, 본촌배수지 , 복리후생비 ," 중식(직원4,감리1) "," 51,000 ",," 51,000 ",,,,,,,,,,,,,,,,,,,,,,,,,,,,,
2025-12-15, 본촌배수지 , 복리후생비 ," 중식(박부장,나상무)-발주처 "," 22,000 ",," 22,000 ",,,,,,,,,,,,,,,,,,,,,,,,,,,,,
2025-12-15, 본촌배수지 , 유류대 , 박재남주유 ," 100,000 ",," 100,000 ",,,,,,,,,,,,,,,,,,,,,,,,,,,,,
2025-12-16, 본촌배수지 , 유류대 , 현장포터 ," 84,000 ",," 84,000 ",,,,,,,,,,,,,,,,,,,,,,,,,,,,,
2025-12-16, 본촌배수지 , 복리후생비 ," 중식(직원2,인원8,장비5)-관로 "," 160,000 ",," 160,000 ",,,,,,,,,,,,,,,,,,,,,,,,,,,,,
2025-12-16, 본촌배수지 , 복리후생비 , 철물 ," 5,000 ",," 5,000 ",,,,,,,,,,,,,,,,,,,,,,,,,,,,,
2025-12-17, 본촌배수지 , 복리후생비 ," 석식(박부장,나상무,김기사) "," 84,200 ",," 84,200 ",,,,,,,,,,,,,,,,,,,,,,,,,,,,,
2025-12-18, 본촌배수지 , 유류대 , 손오현주유 ," 83,000 ",," 83,000 ",,,,,,,,,,,,,,,,,,,,,,,,,,,,,
2025-12-19, 본촌배수지 , 복리후생비 , 등기(구일) ," 7,920 ",," 7,920 ",,,,,,,,,,,,,,,,,,,,,,,,,,,,,
2025-12-19, 본촌배수지 , 유류대 , 서재웅 주유 ," 76,000 ",," 76,000 ",,,,,,,,,,,,,,,,,,,,,,,,,,,,,
2025-12-19, 본촌배수지 , 유류대 , 윤철종 주유 ," 58,565 ",," 58,565 ",,,,,,,,,,,,,,,,,,,,,,,,,,,,,
2025-12-20, 본촌배수지 , 복리후생비 , 중식(목공5)-배수지 ," 57,000 ",," 57,000 ",,,,,,,,,,,,,,,,,,,,,,,,,,,,,
2025-12-20, 본촌배수지 , 복리후생비 ," 종이컵,라면,커피 "," 66,000 ",," 66,000 ",,,,,,,,,,,,,,,,,,,,,,,,,,,,,
2025-12-22, 본촌배수지 , 유류대 , 박재남 주유 ," 86,307 ",," 86,307 ",,,,,,,,,,,,,,,,,,,,,,,,,,,,,
2025-12-23, 본촌배수지 , 복리후생비 , 점심(직원1) ," 6,000 ",," 6,000 ",,,,,,,,,,,,,,,,,,,,,,,,,,,,,
2025-12-24, 본촌배수지 , 복리후생비 , 점심(직원2) ," 19,000 ",," 19,000 ",,,,,,,,,,,,,,,,,,,,,,,,,,,,,
2025-12-26, 본촌배수지 , 복리후생비 , 점심(직원4) ," 44,000 ",," 44,000 ",,,,,,,,,,,,,,,,,,,,,,,,,,,,,
2025-12-26, 본촌배수지 , 복리후생비 , 음료 ," 7,600 ",," 7,600 ",,,,,,,,,,,,,,,,,,,,,,,,,,,,,
2025-12-26, 본촌배수지 , 복리후생비 , 윤철종 엔진오일등 ," 85,630 ",," 85,630 ",,,,,,,,,,,,,,,,,,,,,,,,,,,,,
2025-12-26, 본촌배수지 , 유류대 , 윤철종 주유 ," 48,000 ",," 48,000 ",,,,,,,,,,,,,,,,,,,,,,,,,,,,,
2025-12-27, 본촌배수지 , 유류대 , 박재남주유 ," 100,000 ",," 100,000 ",,,,,,,,,,,,,,,,,,,,,,,,,,,,,
2025-12-27, 본촌배수지 , 복리후생비 , 음료 ," 7,600 ",," 7,600 ",,,,,,,,,,,,,,,,,,,,,,,,,,,,,
2025-12-27, 본촌배수지 , 복리후생비 , 박재남하이패스 ," 100,000 ",," 100,000 ",,,,,,,,,,,,,,,,,,,,,,,,,,,,,
2025-12-29, 본촌배수지 , 복리후생비 , 관로식권(100장) ," 800,000 ",," 800,000 ",,,,,,,,,,,,,,,,,,,,,,,,,,,,,
2025-12-30, 본촌배수지 , 유류대 , 현장포터 주유 ," 76,000 ",," 76,000 ",,,,,,,,,,,,,,,,,,,,,,,,,,,,,
2025-12-31, 본촌배수지 , 유류대 , 서재웅 주유 ," 85,000 ",," 85,000 ",,,,,,,,,,,,,,,,,,,,,,,,,,,,,
2026-01-02, 본촌배수지 , 유류대 , 박재남주유 ," 93,000 ",," 93,000 ",,,,,,,,,,,,,,,,,,,,,,,,,,,,,
2026-01-02, 본촌배수지 , 복리후생비 , 중식(직원3) ," 32,700 ",," 32,700 ",,,,,,,,,,,,,,,,,,,,,,,,,,,,,
2026-01-05, 본촌배수지 , 유류대 , 윤철종주유 ," 63,649 ",," 63,649 ",,,,,,,,,,,,,,,,,,,,,,,,,,,,,
2025-01-07, 본촌배수지 , 유류대 , 박재남주유 ," 92,000 ",," 92,000 ",,,,,,,,,,,,,,,,,,,,,,,,,,,,,
2025-01-08, 본촌배수지 , 복리후생비 , 전구2개 ," 14,000 ",," 14,000 ",,,,,,,,,,,,,,,,,,,,,,,,,,,,,
2025-01-08, 본촌배수지 , 복리후생비 , 중식(직원2) ," 20,000 ",," 20,000 ",,,,,,,,,,,,,,,,,,,,,,,,,,,,,
2025-01-08, 본촌배수지 , 복리후생비 , 전구2개 ," 14,000 ",," 14,000 ",,,,,,,,,,,,,,,,,,,,,,,,,,,,,
2025-01-08, 본촌배수지 , 복리후생비 , 한국안전교육(윤철중) ," 180,000 ",," 180,000 ",,,,,,,,,,,,,,,,,,,,,,,,,,,,,
2025-01-09, 본촌배수지 , 유류대 , 서재웅주유 ," 79,000 ",," 79,000 ",,,,,,,,,,,,,,,,,,,,,,,,,,,,,
2025-01-09, 본촌배수지 , 복리후생비 , 동진종합상사(추진구) ," 62,000 ",," 62,000 ",,,,,,,,,,,,,,,,,,,,,,,,,,,,,
2026-01-12, 본촌배수지 , 복리후생비 , 관로인부(13명) ," 135,000 ",," 135,000 ",,,,,,,,,,,,,,,,,,,,,,,,,,,,,
2026-01-13, 본촌배수지 , 유류대 , 윤철종주유 ," 61,511 ",," 61,511 ",,,,,,,,,,,,,,,,,,,,,,,,,,,,,
2026-01-13, 본촌배수지 , 유류대 , 박재남주유(말통2개) ," 138,000 ",," 138,000 ",,,,,,,,,,,,,,,,,,,,,,,,,,,,,
2026-01-14, 본촌배수지 , 복리후생비 , 관로식권(80장) ," 800,000 ",," 800,000 ",,,,,,,,,,,,,,,,,,,,,,,,,,,,,
2026-01-14, 본촌배수지 , 복리후생비 , 관로인부(13명)-1/13 ," 144,000 ",," 144,000 ",,,,,,,,,,,,,,,,,,,,,,,,,,,,,
2026-01-14, 본촌배수지 , 복리후생비 , 중식(직원(5명) ," 47,000 ",," 47,000 ",,,,,,,,,,,,,,,,,,,,,,,,,,,,,
2026-01-14, 본촌배수지 , 복리후생비 , 석식(인원12명)-야간작업 ," 139,000 ",," 139,000 ",,,,,,,,,,,,,,,,,,,,,,,,,,,,,
2026-01-14, 본촌배수지 , 복리후생비 , 음료-야간작업 ," 12,800 ",," 12,800 ",,,,,,,,,,,,,,,,,,,,,,,,,,,,,
2026-01-19, 본촌배수지 , 유류대 , 박재남주유 ," 74,000 ",," 74,000 ",,,,,,,,,,,,,,,,,,,,,,,,,,,,,
2026-01-19, 본촌배수지 , 복리후생비 ," 관로인부(직원1,인원13명) "," 132,000 ",," 132,000 ",,,,,,,,,,,,,,,,,,,,,,,,,,,,,
2026-01-20, 본촌배수지 , 유류대 , 손오현주유 ," 79,000 ",," 79,000 ",,,,,,,,,,,,,,,,,,,,,,,,,,,,,
2026-01-21, 본촌배수지 , 차량수리비 ," 오일,밧데리교체등 "," 350,000 ",," 350,000 ",,,,,,,,,,,,,,,,,,,,,,,,,,,,,
2026-01-22, 본촌배수지 , 복리후생비 , 음료 ," 10,000 ",," 10,000 ",,,,,,,,,,,,,,,,,,,,,,,,,,,,,
2026-01-22, 본촌배수지 , 복리후생비 , 화일등 ," 8,000 ",," 8,000 ",,,,,,,,,,,,,,,,,,,,,,,,,,,,,
2026-01-22, 본촌배수지 , 복리후생비 , 관급쓰레기봉투 20매 ," 36,600 ",," 36,600 ",,,,,,,,,,,,,,,,,,,,,,,,,,,,,
2026-01-22, 본촌배수지 , 복리후생비 ," 석식(직원2,나상무) "," 80,200 ",," 80,200 ",,,,,,,,,,,,,,,,,,,,,,,,,,,,,
2026-01-23, 본촌배수지 , 복리후생비 , 생수 ," 110,008 ",," 110,008 ",,,,,,,,,,,,,,,,,,,,,,,,,,,,,
2026-01-23, 본촌배수지 , 유류대 , 윤철종주유 ," 61,052 ",," 61,052 ",,,,,,,,,,,,,,,,,,,,,,,,,,,,,
2026-01-23, 본촌배수지 , 복리후생비 ," 관로인부(직원1,인원15명)-1/22 "," 186,000 ",," 186,000 ",,,,,,,,,,,,,,,,,,,,,,,,,,,,,
2026-01-23, 본촌배수지 , 복리후생비 ," 관로인부(직원1,인원14명) "," 157,000 ",," 157,000 ",,,,,,,,,,,,,,,,,,,,,,,,,,,,,
2026-01-23, 본촌배수지 , 유류대 , 박재남주유 ," 63,000 ",," 63,000 ",,,,,,,,,,,,,,,,,,,,,,,,,,,,,
2026-01-26, 본촌배수지 , 유류대 , 서재웅 주유 ," 71,000 ",," 71,000 ",,,,,,,,,,,,,,,,,,,,,,,,,,,,,
2026-01-26, 본촌배수지 , 복리후생비 , 중식(직원5) ," 55,000 ",," 55,000 ",,,,,,,,,,,,,,,,,,,,,,,,,,,,,
2026-01-27, 본촌배수지 , 복리후생비 , 중식(직원3) ," 32,000 ",," 32,000 ",,,,,,,,,,,,,,,,,,,,,,,,,,,,,
2026-01-28, 본촌배수지 , 복리후생비 , 관로철판구입 ," 133,100 ",," 133,100 ",,,,,,,,,,,,,,,,,,,,,,,,,,,,,
2026-01-29, 본촌배수지 , 복리후생비 , 관로(인부7) ," 71,000 ",," 71,000 ",,,,,,,,,,,,,,,,,,,,,,,,,,,,,
2026-01-29, 본촌배수지 , 복리후생비 , 관로(인부8) ," 79,000 ",," 79,000 ",,,,,,,,,,,,,,,,,,,,,,,,,,,,,
2026-01-29, 본촌배수지 , 복리후생비 , 관로(인부2) ," 16,000 ",," 16,000 ",,,,,,,,,,,,,,,,,,,,,,,,,,,,,
2026-01-29, 본촌배수지 , 유류대 , 현장포터 ," 80,000 ",," 80,000 ",,,,,,,,,,,,,,,,,,,,,,,,,,,,,
2026-01-30, 본촌배수지 , 유류대 , 박재남 주유 ," 74,000 ",," 74,000 ",,,,,,,,,,,,,,,,,,,,,,,,,,,,,
2026-01-30, 본촌배수지 , 복리후생비 , 아스팔트유제(은혜학교삼거리) ," 192,500 ",," 192,500 ",,,,,,,,,,,,,,,,,,,,,,,,,,,,,
2026-02-02, 본촌배수지 , 유류대 , 윤철종 주유 ," 55,237 ",," 55,237 ",,,,,,,,,,,,,,,,,,,,,,,,,,,,,
2026-02-03, 본촌배수지 , 복리후생비 , 2/3 중식(관로7) ," 85,000 ",," 85,000 ",,,,,,,,,,,,,,,,,,,,,,,,,,,,,
2026-02-03, 본촌배수지 , 복리후생비 ," 1/30 중식(관로,포장13) "," 153,000 ",," 153,000 ",,,,,,,,,,,,,,,,,,,,,,,,,,,,,
2026-02-03, 본촌배수지 , 복리후생비 , 2/2 중식(관로7) ," 67,000 ",," 67,000 ",,,,,,,,,,,,,,,,,,,,,,,,,,,,,
2026-02-03, 본촌배수지 , 복리후생비 ," 점심(직원3,나상무)-관로 "," 40,000 ",," 40,000 ",,,,,,,,,,,,,,,,,,,,,,,,,,,,,
2026-02-03, 본촌배수지 , 복리후생비 ," 석식(박부장,나상무,김기사) "," 104,800 ",," 104,800 ",,,,,,,,,,,,,,,,,,,,,,,,,,,,,
2026-02-04, 본촌배수지 , 복리후생비 , 음료(관로팀) ," 15,400 ",," 15,400 ",,,,,,,,,,,,,,,,,,,,,,,,,,,,,
2026-02-05, 본촌배수지 , 복리후생비 , 박재남주유 ," 67,000 ",," 67,000 ",,,,,,,,,,,,,,,,,,,,,,,,,,,,,
2026-02-05, 본촌배수지 , 복리후생비 ," 석식(직원2)-박부장,윤부장 "," 20,000 ",," 20,000 ",,,,,,,,,,,,,,,,,,,,,,,,,,,,,
2026-02-06, 본촌배수지 , 복리후생비 , 2/3 중식(신호3)-관로 ," 30,000 ",," 30,000 ",,,,,,,,,,,,,,,,,,,,,,,,,,,,,
2026-02-06, 본촌배수지 , 복리후생비 , 2/4 중식(인원13)-관로 ," 139,000 ",," 139,000 ",,,,,,,,,,,,,,,,,,,,,,,,,,,,,
2026-02-06, 본촌배수지 , 복리후생비 , 2/5 중식(인원13)-관로 ," 132,000 ",," 132,000 ",,,,,,,,,,,,,,,,,,,,,,,,,,,,,
2026-02-06, 본촌배수지 , 복리후생비 , 중식(인원13)-관로 ," 129,000 ",," 129,000 ",,,,,,,,,,,,,,,,,,,,,,,,,,,,,
2026-02-06, 본촌배수지 , 복리후생비 , 문구류(서류철등) ," 23,200 ",," 23,200 ",,,,,,,,,,,,,,,,,,,,,,,,,,,,,
2026-02-06, 본촌배수지 , 복리후생비 ," 화장지,종이컵,라면등 "," 45,480 ",," 45,480 ",,,,,,,,,,,,,,,,,,,,,,,,,,,,,
2026-02-07, 본촌배수지 , 복리후생비 , 관로(식권100장) ," 800,000 ",," 800,000 ",,,,,,,,,,,,,,,,,,,,,,,,,,,,,
2026-02-07, 본촌배수지 , 복리후생비 , 2/6 석식(인원11)-관로야간 ," 106,000 ",," 106,000 ",,,,,,,,,,,,,,,,,,,,,,,,,,,,,
2026-02-07, 본촌배수지 , 복리후생비 ," 중식(직원4,단장) "," 55,000 ",," 55,000 ",,,,,,,,,,,,,,,,,,,,,,,,,,,,,
2026-02-07, 본촌배수지 , 복리후생비 , 중식(인원10)-관로 ," 92,000 ",," 92,000 ",,,,,,,,,,,,,,,,,,,,,,,,,,,,,
2026-02-07, 본촌배수지 , 유류대 , 윤철종 주유 ," 56,896 ",," 56,896 ",,,,,,,,,,,,,,,,,,,,,,,,,,,,,
2026-02-08, 본촌배수지 , 복리후생비 , 중식(인원14)-관로 ," 133,000 ",," 133,000 ",,,,,,,,,,,,,,,,,,,,,,,,,,,,,
2026-02-09, 본촌배수지 , 복리후생비 , 임시포장(유제) ," 192,500 ",," 192,500 ",,,,,,,,,,,,,,,,,,,,,,,,,,,,,
2026-02-11, 본촌배수지 , 복리후생비 , 박재남주유 ," 82,477 ",," 82,477 ",,,,,,,,,,,,,,,,,,,,,,,,,,,,,
2026-02-12, 본촌배수지 , 복리후생비 ," 음료(물,커피) "," 8,000 ",," 8,000 ",,,,,,,,,,,,,,,,,,,,,,,,,,,,,
2026-02-13, 본촌배수지 , 유류대 , 서재웅 주유 ," 64,000 ",," 64,000 ",,,,,,,,,,,,,,,,,,,,,,,,,,,,,
2026-02-13, 본촌배수지 , 유류대 , 윤철종 주유 ," 35,008 ",," 35,008 ",,,,,,,,,,,,,,,,,,,,,,,,,,,,,
2026-02-13, 본촌배수지 , 유류대 , 손오현 주유 ," 74,000 ",," 74,000 ",,,,,,,,,,,,,,,,,,,,,,,,,,,,,
2026-02-15, 본촌배수지 , 유류대 , 김수빈 주유 ," 49,826 ",," 49,826 ",,,,,,,,,,,,,,,,,,,,,,,,,,,,,
2026-02-19, 본촌배수지 , 복리후생비 , 박재남주유 ," 81,000 ",," 81,000 ",,,,,,,,,,,,,,,,,,,,,,,,,,,,,
2026-02-23, 본촌배수지 , 통신비 , 등기 ," 4,040 ",," 4,040 ",,,,,,,,,,,,,,,,,,,,,,,,,,,,,
2026-02-23, 본촌배수지 , 차량유지비 , 현장포터 타이어교체(중고) ," 20,000 ",," 20,000 ",,,,,,,,,,,,,,,,,,,,,,,,,,,,,
2026-02-25, 본촌배수지 , 복리후생비 , 2/9  관로(인원9)중식 ," 82,000 ",," 82,000 ",,,,,,,,,,,,,,,,,,,,,,,,,,,,,
2026-02-25, 본촌배수지 , 복리후생비 , 2/12  관로(인원10)중식 ," 88,000 ",," 88,000 ",,,,,,,,,,,,,,,,,,,,,,,,,,,,,
2026-02-25, 본촌배수지 , 유류대 , 윤철종 주유 ," 59,630 ",," 59,630 ",,,,,,,,,,,,,,,,,,,,,,,,,,,,,
2026-02-25, 본촌배수지 , 복리후생비 , 2/23  관로(인원10)석식-야간 ," 90,000 ",," 90,000 ",,,,,,,,,,,,,,,,,,,,,,,,,,,,,
2026-02-25, 본촌배수지 , 복리후생비 ," 커피(2통),건전지,등 "," 95,600 ",," 95,600 ",,,,,,,,,,,,,,,,,,,,,,,,,,,,,
2026-02-25, 본촌배수지 , 유류대 , 현장포터 주유 ," 83,000 ",," 83,000 ",,,,,,,,,,,,,,,,,,,,,,,,,,,,,
2026-02-25, 본촌배수지 , 복리후생비 , 석식 관로(인원7)야간작업 ," 66,000 ",," 66,000 ",,,,,,,,,,,,,,,,,,,,,,,,,,,,,
2026-02-25, 본촌배수지 , 복리후생비 , 석식(직원2) 야간작업 ," 28,000 ",," 28,000 ",,,,,,,,,,,,,,,,,,,,,,,,,,,,,
2026-02-26, 본촌배수지 , 유류대 , 박재남 주유 ," 66,000 ",," 66,000 ",,,,,,,,,,,,,,,,,,,,,,,,,,,,,
2026-02-27, 본촌배수지 , 복리후생비 ," 중식(배수지-인부3,장비2) "," 47,000 ",," 47,000 ",,,,,,,,,,,,,,,,,,,,,,,,,,,,,
2026-02-27, 본촌배수지 , 잡비 , 3차분착공계(제본)수정분 ," 30,000 ",," 30,000 ",,,,,,,,,,,,,,,,,,,,,,,,,,,,,
,,,,,,,,,,,,,,,,,,,,,,,,,,,,,,,,,,,
,,,,,, - ,,,,,,,,,,,,,,,,,,,,,,,,,,,,,
 합  계 ,,,," 759,270 ", - ," 759,270 ",,,," 16,000 ", - , - , - , - , - , - , - , - ," 21,000 ", - ," 126,000 ", - , - , - , - , - , - , - , - , - , - , - , - ," 163,000 ",
,,,,,,,,,,,,,,,,,,,,,,,,,,,,,,,,,," (596,270)",
*현장별사용금액*,,,,,,,,,,,,,,,,,,,,,,,,,,,,,,,,,,,
현장명,,카드사용금액,,현장명,,현금사용금액,,,,,,,,,,,,,,,,,,,,,,,,,,,,,
개인용도,,,,개인용도,,,,,,,,,,,,,,,,,,,,,,,,,,,,,,,
본사,,,,본사,,,,,," 596,270 ",,,,,,,,,,,,,,,,,,,,,,,,,
본촌배수지,," 759,270 ",, ,, - ,,,,,,,,,,,,,,,,,,,,,,,,,,,,,
,,,,,,,,,,,,,,,,,,,,,,,,,,,,,,,,,,,
합    계,," 759,270 ",,,, - ,,,,,,,,,,,,,,,,,,,,,,,,,,,,,
,,,,,,,,,,,,,,,,,,,,,,,,,,,,,,,,,,,
,상기와 같이 카드사용내역을 제출하오니 검토후 승인하여 주시기 바랍니다.,,,,,,,,,,,,,,,,,,,,,,,,,,,,,,,,,,
,,,,,,,,,,,,,,,,,,,,,,,,,,,,,,,,,,,
2026년 03월02일,,,,,,,,,,,,,,,,,,,,,,,,,,,,,,,,,,,
,,,,,,,,,,,,,,,,,,,,,,,,,,,,,,,,,,,
,,,,제출자:  배 명 수 (인),,,,,,,,,,,,,,,,,,,,,,,,,,,,,,,
,,,,,,,,,,,,,,,,,,,,,,,,,,,,,,,,,,,
,,,,,,,,,,,,,,,,,,,,,,,,,,,,,,,,,,,
※ 세부사용내역에 철물점 결재시 구매용품 명기,,,,,,,,,,,,,,,,,,,,,,,,,,,,,,,,,,,
※ 세부사용내역에 식대 사용시 외부인 명기,,,,,,,,,,,,,,,,,,,,,,,,,,,,,,,,,,,
※ 세부사용내역에 기타항목 사용시 사유 명기,,,,,,,,,,,,,,,,,,,,,,,,,,,,,,,,,,,
